arquivo;estados;animacoes;quadros;icone;folha;overflow
SuperDragonball.dmi;7;7;7;64x64;448x64;
Auras\(rage).dmi;1;1;4;96x96;192x192;
Auras\(Teal White)big aura - Copy.dmi;1;1;4;96x96;192x192;
Auras\AbsorbSparks.dmi;1;1;16;32x32;128x128;
Auras\All.dmi;3;3;24;32x32;160x160;
Auras\Amazing Super Demon Aura.dmi;1;1;4;96x96;192x192;
Auras\Amazing Super Namekian Aura.dmi;1;1;4;96x96;192x192;
Auras\Aura # 3.dmi;1;1;9;32x32;96x96;
Auras\Aura # 4.dmi;1;1;9;32x32;96x96;
Auras\Aura 2.dmi;1;1;6;32x32;96x64;
Auras\aura blanco.dmi;1;1;4;96x96;192x192;
Auras\Aura Electric.dmi;2;2;20;32x32;160x128;
Auras\Aura FullPower.dmi;1;1;3;32x32;64x64;
Auras\Aura godtest.dmi;1;1;4;128x128;256x256;
Auras\Aura Green.dmi;1;1;4;96x96;192x192;
Auras\Aura Kaioken.dmi;1;1;3;32x32;96x32;
Auras\Aura Kaioken2.dmi;2;2;18;32x32;160x128;
Auras\Aura Normal.dmi;3;3;10;32x32;128x96;
Auras\Aura SSj3 2.dmi;3;3;45;32x32;224x224;
Auras\Aura SSj3.dmi;1;1;15;32x32;128x128;
Auras\Aura SSj4.dmi;1;1;15;32x32;128x128;
Auras\Aura, Big.dmi;2;2;8;96x96;288x288;
Auras\Aura, Bloo.dmi;1;1;11;32x32;128x96;
Auras\Aura, Kaioken, Big.dmi;2;2;8;96x96;288x288;
Auras\Aura, LSSj, Big.dmi;2;2;8;96x96;288x288;
Auras\Aura, SSj, Big.dmi;2;2;8;96x96;288x288;
Auras\Aura-2.dmi;1;1;6;32x32;96x64;
Auras\Aura.dmi;1;1;6;32x32;192x32;
Auras\Aura2.dmi;1;1;6;32x32;192x32;
Auras\AuraBig.dmi;2;2;8;96x96;768x96;
Auras\Aurabigbottom.dmi;1;1;4;32x32;64x64;
Auras\Aurabigcombined.dmi;1;1;4;64x64;128x128;
Auras\Aurabigtop.dmi;1;1;4;32x32;64x64;
Auras\AuraBlastSize1.dmi;1;4;16;128x128;512x512;
Auras\AuraBloo.dmi;1;1;11;32x32;352x32;
Auras\AuraElectric.dmi;2;2;20;32x32;160x128;
Auras\AuraFly.dmi;7;36;76;32x32;288x288;
Auras\AuraJanuary27th2014.dmi;2;2;8;128x128;384x384;
Auras\AuraKaiokenBig.dmi;2;2;8;96x96;288x288;
Auras\AuraKiia.dmi;1;1;9;32x32;96x96;
Auras\AuraLSSjBig.dmi;2;2;10;96x96;384x288;
Auras\AuraNormal.dmi;3;3;10;32x32;320x32;
Auras\AuraSSj4.dmi;1;1;15;32x32;128x128;
Auras\AuraSSjBig.dmi;2;2;8;96x96;288x288;
Auras\AuraSuperKaioken.dmi;1;1;4;150x150;300x300;
Auras\AuraTall.dmi;2;2;6;32x32;192x32;
Auras\A_Kanassaburst.dmi;1;1;2;32x32;64x32;
Auras\Big Aura, Rainbow.dmi;1;1;4;86x86;172x172;
Auras\Black Demonflame.dmi;1;1;4;32x32;64x64;
Auras\BlackDemonflame.dmi;1;1;4;32x32;64x64;
Auras\bluego.dmi;2;2;18;80x101;400x404;
Auras\Burning Shot.dmi;1;1;4;96x96;192x192;
Auras\Burst.dmi;4;4;32;32x32;192x192;
Auras\BuuAura.dmi;1;1;10;74x67;296x201;
Auras\captainfalconaura (2).dmi;2;5;32;32x32;192x192;
Auras\captainfalconaura.dmi;1;1;6;80x101;240x202;
Auras\colorablebigaura.dmi;1;1;4;96x96;192x192;
Auras\CustomAura.dmi;1;1;14;32x32;448x32;
Auras\DakingsAuras.dmi;6;6;32;32x32;192x192;
Auras\DelayedElectricBlue.dmi;1;1;50;32x32;256x224;
Auras\dragon fire power up2.dmi;1;1;4;96x96;192x192;
Auras\DragonBallAura.dmi;1;1;4;32x32;128x32;
Auras\Elec Aura1.dmi;1;1;8;32x32;96x96;
Auras\Elec.dmi;1;1;30;32x32;192x160;
Auras\ElecAura1.dmi;1;1;8;32x32;96x96;
Auras\ElecAura3.dmi;2;5;23;32x32;160x160;
Auras\Electric Yellow.dmi;1;1;12;32x32;128x96;
Auras\Electricgroundbeam.dmi;1;8;32;32x32;192x192;
Auras\Electricgroundbeam2.dmi;1;8;32;32x32;192x192;
Auras\Electricity.dmi;1;4;140;32x32;384x384;
Auras\ElectricYellow.dmi;1;1;12;32x32;128x96;
Auras\Electric_Blue.dmi;1;1;40;32x32;224x192;
Auras\Electric_Majin.dmi;1;1;40;32x32;224x192;
Auras\Electric_Mystic.dmi;1;1;40;32x32;224x192;
Auras\Electric_Red.dmi;1;1;40;32x32;224x192;
Auras\Electric_Yellow.dmi;1;1;99;32x32;320x320;
Auras\Eviloverlay.dmi;3;3;9;28x40;84x120;
Auras\FieryGod.dmi;1;1;5;64x64;192x128;
Auras\FieryGodBlue.dmi;1;1;5;64x64;192x128;
Auras\FieryGodGrey.dmi;1;1;5;64x64;192x128;
Auras\FlameAura.dmi;1;4;16;32x64;192x192;
Auras\Flight Aura.dmi;2;8;24;32x32;160x160;
Auras\friezagod.dmi;1;1;16;32x64;192x192;
Auras\GatesAura.dmi;2;2;6;32x32;96x64;
Auras\GivePower.dmi;1;1;5;32x32;96x64;
Auras\god - grey.dmi;9;24;99;32x32;320x320;
Auras\God Aura - grey.dmi;1;1;8;100x100;300x300;
Auras\God Aura.dmi;1;1;8;100x100;300x300;
Auras\God Blue Aura.dmi;1;1;8;100x100;300x300;
Auras\god blue.dmi;9;24;99;32x32;320x320;
Auras\god.dmi;9;24;99;32x32;320x320;
Auras\godgo.dmi;1;1;6;80x101;240x202;
Auras\godhue.dmi;1;1;5;90x140;270x280;
Auras\godhue2.dmi;1;1;5;90x140;270x280;
Auras\Gold Electricty.dmi;2;5;32;32x32;192x192;
Auras\GoldIcerAuraSmaller.dmi;1;1;9;64x53;192x159;
Auras\GoldIdleAura.dmi;9;24;103;96x96;1056x960;
Auras\greengodaura.dmi;1;1;4;64x64;128x128;
Auras\Lightning - Blue.dmi;1;1;17;32x32;160x128;
Auras\Lightning - Red.dmi;1;1;17;32x32;160x128;
Auras\Lightning flash.dmi;1;1;6;32x32;192x32;
Auras\Lightning Strike.dmi;3;3;6;32x32;96x64;
Auras\Lightning.dmi;1;1;40;32x32;224x192;
Auras\LightningAura.dmi;1;4;20;32x64;224x192;
Auras\LSSJpowerz.dmi;1;1;6;32x32;96x64;
Auras\Menacinng Aura.dmi;1;4;28;100x100;600x500;
Auras\Mutant Aura.dmi;1;1;15;32x32;128x128;
Auras\NaniteRepair.dmi;1;1;4;32x32;64x64;
Auras\NormalTallAura.dmi;1;1;3;32x64;96x64;
Auras\SandAura.dmi;1;4;20;32x64;224x192;
Auras\SBombGivePower.dmi;1;1;4;32x32;64x64;
Auras\shockwave aura yellow-4.dmi;9;24;99;32x32;320x320;
Auras\snamek Elec.dmi;2;2;85;32x32;320x288;
Auras\SNj Elec.dmi;2;2;85;32x32;320x288;
Auras\Sparkle aura.dmi;1;1;5;32x32;96x64;
Auras\Sparks LSSj.dmi;2;2;55;32x32;256x224;
Auras\SparksLSSj.dmi;1;1;40;32x32;224x192;
Auras\ss3transformaurafinal.dmi;1;1;5;128x128;384x256;
Auras\SSBlueAura2017.dmi;1;1;4;64x64;128x128;
Auras\ssg.dmi;1;1;4;96x96;192x192;
Auras\SSj Aura.dmi;6;6;27;32x32;192x160;
Auras\SSj Lightning.dmi;1;1;50;32x32;256x224;
Auras\SSj2ElectricTobiUchiha.dmi;1;1;16;32x32;128x128;
Auras\ssj3aura.dmi;2;2;8;150x150;450x450;
Auras\SSj3ElectricTobiUchiha.dmi;1;1;17;32x32;160x128;
Auras\SSjAura.dmi;2;2;30;32x32;192x160;
Auras\SSjBlueIdleAura.dmi;9;24;99;96x96;960x960;
Auras\ssjrage.dmi;1;1;4;96x96;192x192;
Auras\SSRedIdleAura.dmi;9;24;99;96x96;960x960;
Auras\stunoverlay.dmi;1;1;8;32x32;96x96;
Auras\Supa Saiyan Rose Aura-1.dmi;1;1;6;80x101;240x202;
Auras\supercell.dmi;1;1;6;80x101;240x202;
Auras\transformaura.dmi;1;1;6;80x101;240x202;
Auras\UI Electricity.dmi;5;5;165;32x32;416x416;
Auras\UI Powerup.dmi;1;1;2;120x140;240x140;
Auras\UIAurafixed.dmi;1;1;7;32x32;96x96;
Auras\UI_Dots.dmi;1;1;33;32x32;192x192;
Auras\UltraInstinctSparkShockwave.dmi;1;1;7;32x32;96x96;
Auras\USSjAura.dmi;2;2;8;85x115;340x230;
Auras\USSjElectricTobiUchiha.dmi;1;1;16;32x32;128x128;
Auras\vermarUIaura.dmi;8;23;92;32x32;320x320;
Auras\vermarUIaura2.dmi;1;1;5;90x140;270x280;
Auras\Void Aura.dmi;1;1;11;32x32;128x96;
Auras\White Electricty.dmi;2;5;32;32x32;192x192;
Auras\whiteunderlay.dmi;1;1;1;32x32;32x32;
Auras\YellowLightningaura.dmi;4;4;45;32x32;224x224;
Auras\zamasuwip.dmi;8;23;62;32x32;256x256;
Auras\Zen Aura.dmi;1;1;4;166x242;332x484;
Auras\ZenAura.dmi;1;1;4;166x242;332x484;
Beams\Beam - Beam1.dmi;5;20;20;64x64;320x256;
Beams\Beam - Big Fire.dmi;5;20;40;64x64;448x384;
Beams\Beam1.dmi;5;40;120;32x32;352x352;
Beams\Beam10.dmi;5;40;320;32x32;576x576;
Beams\Beam11.dmi;5;40;120;32x32;352x352;
Beams\Beam12.dmi;5;20;32;32x32;192x192;
Beams\Beam13.dmi;5;20;60;81x81;648x648;
Beams\Beam14.dmi;5;8;38;96x96;672x576;
Beams\Beam2.dmi;5;20;32;32x32;192x192;
Beams\Beam3.dmi;7;48;48;32x32;224x224;
Beams\Beam4.dmi;5;40;160;32x32;416x416;
Beams\Beam5.dmi;5;40;80;32x32;288x288;
Beams\Beam6.dmi;5;40;64;32x32;256x256;
Beams\Beam7.dmi;5;20;40;32x32;224x192;
Beams\Beam8.dmi;5;40;48;32x32;224x224;
Beams\Beam9.dmi;5;40;80;32x32;288x288;
Beams\BeamBeam1.dmi;5;40;40;64x64;448x384;
Beams\BeamBigFire.dmi;5;40;80;64x64;576x576;
Beams\BeamBlastDragon.dmi;6;23;52;32x32;256x224;
Beams\BeamKamehameha.dmi;10;57;65;32x32;288x256;
Beams\BeamMasenko.dmi;6;41;57;32x32;256x256;
Beams\BeamMultiBeam.dmi;12;62;82;32x32;320x288;
Beams\BeamStaticBeam.dmi;7;49;145;32x32;416x384;
Beams\BlackDragonBeam.dmi;4;32;48;32x32;224x224;
Beams\Dragonbeam.dmi;5;40;240;32x32;512x480;
Beams\Energy Wave 1.dmi;5;40;64;32x32;256x256;
Beams\EnergyWave1.dmi;5;40;64;32x32;256x256;
Beams\EraserCannon.dmi;5;12;12;128x128;512x384;
Beams\FreezaDeathRay.dmi;5;20;32;32x32;192x192;
Beams\KingKoldDeathRay.dmi;5;20;60;81x81;648x648;
Beams\LightningBeam2014.dmi;5;40;160;32x32;416x416;
Beams\Makkankosappo.dmi;5;40;96;32x32;320x320;
Beams\OmegaBlasterZee.dmi;5;5;11;128x128;512x384;
Beams\PoisonBeam2014.dmi;5;40;160;32x32;416x416;
Beams\SnakeBeam2014.dmi;5;40;80;32x32;288x288;
Beams\ZentoBBKHH1.dmi;5;20;60;32x32;256x256;
Beams\ZentoBBKHH2.dmi;5;20;60;32x32;256x256;
Beta Icons\Telegraphing concept.dmi;11;11;90;32x32;320x288;
Blasts\1.dmi;1;8;40;32x32;1280x32;
Blasts\10.dmi;1;4;20;32x32;640x32;
Blasts\11.dmi;1;4;20;32x32;640x32;
Blasts\12.dmi;1;8;16;32x32;512x32;
Blasts\13.dmi;1;4;4;32x32;128x32;
Blasts\14.dmi;1;1;7;32x32;224x32;
Blasts\15.dmi;1;4;12;32x32;384x32;
Blasts\16.dmi;1;1;7;32x32;224x32;
Blasts\17.dmi;1;4;12;32x32;384x32;
Blasts\18.dmi;1;8;16;32x32;512x32;
Blasts\19.dmi;1;8;16;32x32;512x32;
Blasts\2.dmi;1;4;8;32x32;256x32;
Blasts\20.dmi;1;4;8;32x32;256x32;
Blasts\21.dmi;1;8;16;32x32;512x32;
Blasts\22.dmi;1;4;8;32x32;256x32;
Blasts\23.dmi;1;4;8;32x32;256x32;
Blasts\24.dmi;1;8;24;32x32;768x32;
Blasts\25.dmi;1;8;16;32x32;512x32;
Blasts\26.dmi;1;8;16;32x32;512x32;
Blasts\27.dmi;1;4;8;32x32;256x32;
Blasts\28.dmi;1;1;7;32x32;224x32;
Blasts\29.dmi;1;8;8;32x32;256x32;
Blasts\3.dmi;1;8;8;32x32;256x32;
Blasts\30.dmi;1;4;12;32x32;384x32;
Blasts\31.dmi;1;8;40;32x32;1280x32;
Blasts\32.dmi;1;8;8;32x32;256x32;
Blasts\33.dmi;1;8;8;32x32;256x32;
Blasts\34.dmi;1;8;96;32x32;3072x32;
Blasts\35.dmi;1;4;12;32x32;384x32;
Blasts\36.dmi;1;8;48;32x32;1536x32;
Blasts\37.dmi;1;1;8;32x32;256x32;
Blasts\38.dmi;1;1;4;64x64;128x128;
Blasts\39.dmi;1;8;32;32x32;1024x32;
Blasts\4.dmi;1;8;40;32x32;1280x32;
Blasts\40.dmi;1;8;32;32x32;192x192;
Blasts\5.dmi;1;8;8;32x32;256x32;
Blasts\6.dmi;1;4;4;32x32;128x32;
Blasts\7.dmi;1;8;24;32x32;768x32;
Blasts\8.dmi;1;8;16;32x32;512x32;
Blasts\9.dmi;1;4;8;32x32;256x32;
Blasts\AllBlasts.dmi;38;209;573;32x32;768x768;
Blasts\Aura Blast Size 1.dmi;1;4;16;128x128;512x512;
Blasts\Aura Blast Size 1W.dmi;1;4;16;128x128;512x512;
Blasts\BallSpiritBomb.dmi;2;2;5;60x60;300x60;
Blasts\BallSupernova.dmi;2;2;3;128x128;384x128;
Blasts\Bigbangattack.dmi;1;1;4;73x73;146x146;
Blasts\Blast - Fire.dmi;1;4;8;64x64;192x192;
Blasts\Blast - Spiraling Ki.dmi;2;2;5;52x52;156x104;
Blasts\Blast Charging 2.dmi;1;4;16;32x32;128x128;
Blasts\Blast Charging 3.dmi;1;4;16;32x32;128x128;
Blasts\Blast Charging.dmi;1;4;8;32x32;96x96;
Blasts\Blast0.dmi;2;5;9;32x32;288x32;
Blasts\Blast1.dmi;2;9;17;32x32;544x32;
Blasts\Blast10.dmi;2;5;9;32x32;288x32;
Blasts\Blast11.dmi;2;5;9;32x32;288x32;
Blasts\Blast12.dmi;2;5;9;32x32;288x32;
Blasts\Blast13.dmi;2;2;2;32x32;64x32;
Blasts\Blast14.dmi;2;5;5;32x32;160x32;
Blasts\Blast15.dmi;2;5;5;32x32;160x32;
Blasts\Blast16.dmi;2;5;5;32x32;160x32;
Blasts\Blast17.dmi;2;5;5;32x32;160x32;
Blasts\Blast18.dmi;2;2;5;32x32;160x32;
Blasts\Blast19.dmi;2;5;9;32x32;288x32;
Blasts\Blast2.dmi;2;5;9;32x32;288x32;
Blasts\Blast20.dmi;2;5;9;32x32;288x32;
Blasts\Blast21.dmi;2;5;17;32x32;544x32;
Blasts\Blast22.dmi;2;2;5;32x32;160x32;
Blasts\Blast23.dmi;2;2;3;32x32;96x32;
Blasts\Blast24.dmi;2;5;9;32x32;288x32;
Blasts\Blast25.dmi;2;2;3;32x32;96x32;
Blasts\Blast26.dmi;2;5;17;32x32;544x32;
Blasts\Blast27.dmi;2;5;9;32x32;288x32;
Blasts\Blast28.dmi;2;2;3;32x32;96x32;
Blasts\Blast29.dmi;2;2;5;32x32;160x32;
Blasts\Blast3.dmi;2;5;5;32x32;160x32;
Blasts\Blast30.dmi;2;2;4;32x32;128x32;
Blasts\Blast4.dmi;2;5;13;32x32;416x32;
Blasts\Blast5.dmi;2;5;13;32x32;416x32;
Blasts\Blast6.dmi;2;2;4;32x32;128x32;
Blasts\Blast7.dmi;2;5;5;32x32;160x32;
Blasts\Blast8.dmi;2;2;5;32x32;160x32;
Blasts\Blast9.dmi;2;2;5;32x32;160x32;
Blasts\BlastAqua.dmi;1;8;16;32x32;512x32;
Blasts\BlastCharges.dmi;9;33;326;32x32;608x576;
Blasts\BlastDestructoDisk.dmi;5;5;9;32x32;288x32;
Blasts\BlastDualFireBlast.dmi;2;5;13;32x32;416x32;
Blasts\BlastFire.dmi;1;4;8;64x64;512x64;
Blasts\BlastFlame.dmi;1;8;16;32x32;512x32;
Blasts\BlastKiShuriken.dmi;4;4;13;32x32;416x32;
Blasts\Blasts.dmi;39;224;569;32x32;768x768;
Blasts\BlastsAscended.dmi;40;228;577;32x32;800x768;
Blasts\BlastSpiralingKi.dmi;2;2;5;52x52;156x104;
Blasts\BlastStar.dmi;1;4;20;32x32;160x128;
Blasts\BlastSuperDD.dmi;1;1;2;60x60;120x60;
Blasts\Brolly1.dmi;1;1;7;32x32;96x96;
Blasts\Charge1.dmi;1;4;64;32x32;256x256;
Blasts\Daitoppa.dmi;1;8;8;32x32;96x96;
Blasts\darkblast.dmi;1;4;12;32x32;128x96;
Blasts\DarkLance.dmi;1;8;32;32x32;192x192;
Blasts\deathball2017purple2.dmi;1;1;4;98x89;196x178;
Blasts\dragonnight.dmi;3;12;48;32x32;224x224;
Blasts\ElectroShield.dmi;1;1;4;128x128;512x128;
Blasts\Fireblastbig.dmi;1;8;16;87x87;348x348;
Blasts\flareblast.dmi;1;4;16;64x64;256x256;
Blasts\give.dmi;1;1;1;32x32;32x32;
Blasts\GreenBall2017.dmi;1;1;8;128x128;384x384;
Blasts\Hadoken.dmi;1;4;40;40x40;280x240;
Blasts\HakaiBall.dmi;1;1;96;48x48;480x480;
Blasts\InterceptorBlast.dmi;1;4;12;32x32;128x96;
Blasts\Mafuba.dmi;3;3;15;96x96;384x384;
Blasts\MegaSupernova2018.dmi;1;1;8;348x370;1044x1110;
Blasts\RoyalDeathCrusher.dmi;1;4;28;100x100;600x500;
Blasts\sparkleblast.dmi;1;1;7;32x32;96x96;
Blasts\Trishot.dmi;1;8;32;32x32;192x192;
Blasts\Zankoukyokuha.dmi;1;4;8;32x32;96x96;
Bullets\Bullet 1.dmi;1;1;4;32x32;64x64;
Bullets\Bullet 2.dmi;1;1;4;32x32;64x64;
Bullets\Bullet 3.dmi;1;1;1;32x32;32x32;
Bullets\Bullet 4.dmi;1;4;4;32x32;64x64;
Bullets\Missile Small.dmi;1;4;8;32x32;96x96;
Bullets\Missile.dmi;1;4;8;32x32;96x96;
Character Icons\Antumb.dmi;10;31;76;32x32;288x288;
Character Icons\Avatar.dmi;8;20;46;32x32;224x224;
Character Icons\BaseBlackFemale.dmi;10;22;46;32x32;224x224;
Character Icons\BaseBlackMale.dmi;10;22;46;32x32;224x224;
Character Icons\BaseTanFemale.dmi;11;23;56;32x32;256x224;
Character Icons\BaseTanMale.dmi;10;22;46;32x32;224x224;
Character Icons\BaseWhiteFemale.dmi;10;22;46;32x32;224x224;
Character Icons\BaseWhiteMale.dmi;10;22;46;32x32;224x224;
Character Icons\bat.dmi;2;8;16;32x32;128x128;
Character Icons\Beerus (God of Destruction).dmi;8;20;41;32x32;224x192;
Character Icons\Big Broly.dmi;8;20;63;32x64;352x384;
Character Icons\Big Garlic.dmi;8;20;36;32x32;192x192;
Character Icons\BigGarlic.dmi;8;20;36;32x32;192x192;
Character Icons\Black Male.dmi;8;23;63;32x32;256x256;
Character Icons\Black Saiba.dmi;1;4;12;32x32;128x96;
Character Icons\BlackMaleMuscular3.dmi;9;24;40;32x32;224x192;
Character Icons\Bubbless.dmi;9;21;83;32x32;320x288;
Character Icons\bunny.dmi;4;13;164;32x32;416x416;
Character Icons\camel.dmi;3;9;21;32x32;160x160;
Character Icons\cat.dmi;6;18;61;32x32;256x256;
Character Icons\Custom_Icon.dmi;9;27;75;32x32;288x288;
Character Icons\Custom_Icon_Female.dmi;8;23;63;32x32;256x256;
Character Icons\Daishikan.dmi;10;28;81;32x32;288x288;
Character Icons\DBZ Spirit.dmi;4;16;56;32x32;256x224;
Character Icons\DBZ.dmi;113;449;1400;32x32;1216x1184;
Character Icons\Dragon.dmi;2;2;2;256x353;512x353;
Character Icons\El Hermano.dmi;9;24;73;32x32;288x288;
Character Icons\Fairy.dmi;9;36;432;32x32;672x672;
Character Icons\FatGuy.dmi;9;21;42;32x32;224x192;
Character Icons\Ferret Girl Adult.dmi;9;24;57;32x32;256x256;
Character Icons\fish.dmi;5;20;88;32x32;320x288;
Character Icons\Fusion clothes.dmi;7;19;41;32x32;224x192;
Character Icons\Goddess of Snakes.dmi;12;30;70;32x32;288x256;
Character Icons\Green Saibaman.dmi;1;4;12;32x32;128x96;
Character Icons\Gregory.dmi;8;20;53;32x32;256x224;
Character Icons\Human Cyborg (Male).dmi;9;24;83;32x32;320x288;
Character Icons\Immecka.dmi;8;23;62;32x32;256x256;
Character Icons\Jack Raiden (MGR'R) (DU).dmi;9;24;41;32x32;224x192;
Character Icons\JaganTransformation.dmi;9;21;50;32x32;256x224;
Character Icons\Jiren.dmi;9;24;73;32x32;288x288;
Character Icons\JonatTuxdroid.dmi;9;24;61;32x32;256x256;
Character Icons\Kanassan.dmi;8;23;62;32x32;256x256;
Character Icons\Kid Makyojin.dmi;9;24;69;32x32;288x256;
Character Icons\Makyo Blue.dmi;8;20;41;32x32;224x192;
Character Icons\Makyo Muscular Grey.dmi;8;23;62;32x32;256x256;
Character Icons\Makyojin.dmi;9;27;75;32x32;288x288;
Character Icons\MakyoMorph.dmi;1;1;5;32x32;160x32;
Character Icons\MetaF.dmi;9;27;79;32x32;288x288;
Character Icons\MetaM.dmi;8;23;62;32x32;256x256;
Character Icons\Metamori.dmi;8;23;62;32x32;256x256;
Character Icons\MetaRepair.dmi;1;1;10;32x32;128x96;
Character Icons\Nero DT(DMC 4).dmi;8;20;23;32x32;160x160;
Character Icons\New Pale Male - SSG.dmi;10;25;46;32x32;224x224;
Character Icons\New Pale Male Madara.dmi;10;25;70;32x32;288x256;
Character Icons\NewBlackFemale.dmi;9;24;69;32x32;288x256;
Character Icons\NewBlackMale.dmi;9;24;69;32x32;288x256;
Character Icons\NewPaleFemale.dmi;9;24;69;32x32;288x256;
Character Icons\NewPaleMale.dmi;15;48;117;32x32;352x352;
Character Icons\NewTanFemale.dmi;9;24;69;32x32;288x256;
Character Icons\NewTanMale.dmi;9;24;69;32x32;288x256;
Character Icons\ogre base.dmi;8;23;43;32x32;224x224;
Character Icons\orge female.dmi;8;20;37;32x32;224x192;
Character Icons\Phrexian.dmi;8;20;41;32x32;224x192;
Character Icons\PossessedSpiritDoll.dmi;10;28;71;32x32;288x256;
Character Icons\Purple Fairy.dmi;2;8;96;32x32;320x320;
Character Icons\rat.dmi;4;13;41;32x32;224x192;
Character Icons\Robots.dmi;36;108;563;32x32;768x768;
Character Icons\SHARINGAN.dmi;9;24;57;32x32;256x256;
Character Icons\Shopkeep.dmi;10;22;46;32x32;224x224;
Character Icons\ShopkeepNamek.dmi;7;19;38;32x32;224x192;
Character Icons\Skeleton (2).dmi;1;1;2;32x32;64x32;
Character Icons\Skeleton.dmi;10;22;46;32x32;224x224;
Character Icons\SmallSaiba.dmi;6;12;39;32x32;224x192;
Character Icons\spacepirate.dmi;9;27;75;32x32;288x288;
Character Icons\Spider322014.dmi;4;16;32;39x39;234x234;
Character Icons\Spirit Doll.dmi;8;20;41;32x32;224x192;
Character Icons\SpiritDoll.dmi;8;20;41;32x32;224x192;
Character Icons\Tails.dmi;1;1;1;224x224;224x224;
Character Icons\Tan Male Muscular.dmi;8;23;43;32x32;224x224;
Character Icons\Tan Male.dmi;8;23;63;32x32;256x256;
Character Icons\Todd the Squirrel.dmi;8;23;53;32x32;256x224;
Character Icons\Turtle.dmi;4;10;26;32x32;192x160;
Character Icons\Tyran's Androids (B).dmi;8;20;52;32x32;256x224;
Character Icons\Tyran's Androids (R).dmi;8;20;52;32x32;256x224;
Character Icons\Tyrone.dmi;8;20;38;42x32;210x256;
Character Icons\VenusDjinniMob.dmi;9;24;60;32x32;256x256;
Character Icons\Wheelchair.dmi;7;13;25;32x32;160x160;
Character Icons\Whis.dmi;8;20;60;32x32;256x256;
Character Icons\White Male Muscular 2.dmi;8;20;41;32x32;224x192;
Character Icons\White Male Muscular 3.dmi;8;20;41;32x32;224x192;
Character Icons\White Male Muscular.dmi;8;20;41;32x32;224x192;
Character Icons\White Male Skinny.dmi;8;20;41;32x32;224x192;
Character Icons\White Male.dmi;8;23;63;32x32;256x256;
Character Icons\Whitefemale.dmi;8;20;41;32x32;224x192;
Character Icons\Yardrat.dmi;8;26;41;32x32;224x192;
Character Icons\Yukenojin.dmi;8;20;41;32x32;224x192;
Character Icons\Zamasu.dmi;19;49;104;32x32;352x320;
Character Icons\Zeno-sama(Omni-King).dmi;9;24;45;32x32;224x224;
Clothes\Abdominal_Machinegun.dmi;2;5;8;32x32;96x96;
Clothes\Angel Wings.dmi;2;5;25;32x32;160x160;
Clothes\Blue suit.dmi;9;27;118;32x32;352x352;
Clothes\BobaFett.dmi;8;20;41;32x32;224x192;
Clothes\BrolyWaistrobe.dmi;6;15;30;32x32;192x160;
Clothes\Chained Arms.dmi;9;24;45;32x32;224x224;
Clothes\Clothes Arm Pads.dmi;9;21;42;32x32;224x192;
Clothes\Clothes Armbands.dmi;8;20;41;32x32;224x192;
Clothes\Clothes Backpack.dmi;8;20;35;32x32;192x192;
Clothes\Clothes Daimaou.dmi;8;23;38;32x32;224x192;
Clothes\Clothes Elder Kaio.dmi;7;19;38;32x32;224x192;
Clothes\Clothes Guardian.dmi;8;23;38;32x32;224x192;
Clothes\Clothes Helmet.dmi;8;20;35;32x32;192x192;
Clothes\Clothes Kung Fu Shirt.dmi;9;21;42;32x32;224x192;
Clothes\Clothes Tuxedo.dmi;9;21;42;32x32;224x192;
Clothes\Clothes, Demon Arm.dmi;8;20;35;32x32;192x192;
Clothes\Clothes, Kimono.dmi;8;20;41;32x32;224x192;
Clothes\Clothes, Neko.dmi;7;19;34;32x32;192x192;
Clothes\Clothes, Ninja Mask.dmi;9;21;42;32x32;224x192;
Clothes\Clothes, Saiyan Gloves.dmi;8;23;62;32x32;256x256;
Clothes\Clothes, Saiyan Shoes.dmi;8;23;62;32x32;1984x32;
Clothes\ClothesAssassin.dmi;8;20;41;32x32;224x192;
Clothes\ClothesAssassinHoodless.dmi;8;20;41;32x32;1312x32;
Clothes\ClothesBook.dmi;8;23;62;32x32;1984x32;
Clothes\ClothesCape2.dmi;8;23;62;32x32;1984x32;
Clothes\ClothesDaimaouCape.dmi;9;27;57;32x32;1824x32;
Clothes\ClothesFemaleShirt.dmi;8;23;62;32x32;256x256;
Clothes\ClothesFemaleShorts.dmi;8;23;39;32x32;1248x32;
Clothes\ClothesFullYardrat.dmi;7;19;34;32x32;1088x32;
Clothes\ClothesGiFemale.dmi;8;23;62;32x32;256x256;
Clothes\ClothesGoggles.dmi;8;20;35;32x32;192x192;
Clothes\ClothesHorns.dmi;8;20;35;32x32;192x192;
Clothes\ClothesKaioShirt.dmi;8;23;63;32x32;2016x32;
Clothes\ClothesKimono.dmi;8;20;41;32x32;224x192;
Clothes\ClothesNamekJacket.dmi;7;19;34;32x32;192x192;
Clothes\ClothesNaraku.dmi;8;20;35;32x32;192x192;
Clothes\ClothesNeko.dmi;7;19;34;32x32;192x192;
Clothes\ClothesNeroJacket.dmi;8;20;35;32x32;192x192;
Clothes\ClothesNinjaMask.dmi;9;21;42;32x32;224x192;
Clothes\ClothesNinjaMask2.dmi;9;21;42;32x32;224x192;
Clothes\ClothesPimpHat.dmi;9;24;57;32x32;256x256;
Clothes\ClothesSaiyanGloves.dmi;8;23;62;32x32;256x256;
Clothes\ClothesSaiyanShoes.dmi;8;23;62;32x32;256x256;
Clothes\ClothesSaiyanSuit.dmi;12;33;128;32x32;384x352;
Clothes\ClothesTsurusennin.dmi;8;20;35;32x32;192x192;
Clothes\ClothesTuxedo.dmi;9;21;42;32x32;224x192;
Clothes\ClothesUnderwear.dmi;8;23;38;32x32;1216x32;
Clothes\ClothesWolfHermit.dmi;8;20;35;32x32;192x192;
Clothes\Clothes_ArmBands.dmi;9;21;42;32x32;224x192;
Clothes\Clothes_Bandana.dmi;8;23;62;32x32;256x256;
Clothes\Clothes_Belt.dmi;8;23;39;32x32;224x192;
Clothes\Clothes_BeltBuckle.dmi;8;23;39;32x32;224x192;
Clothes\Clothes_Book.dmi;8;23;62;32x32;256x256;
Clothes\Clothes_Boots.dmi;9;24;63;32x32;256x256;
Clothes\Clothes_Bustier.dmi;9;24;57;32x32;256x256;
Clothes\Clothes_Cape.dmi;8;23;62;32x32;256x256;
Clothes\Clothes_Cape2.dmi;8;20;41;32x32;224x192;
Clothes\Clothes_CelesRobe.dmi;9;24;41;32x32;224x192;
Clothes\Clothes_CloudSOLDIER.dmi;9;21;42;32x32;224x192;
Clothes\Clothes_FusionPads.dmi;8;20;35;32x32;192x192;
Clothes\Clothes_GiBottom.dmi;8;23;62;32x32;256x256;
Clothes\Clothes_GiCustom.dmi;8;20;41;32x32;224x192;
Clothes\Clothes_GiTop.dmi;8;23;62;32x32;256x256;
Clothes\Clothes_Gloves.dmi;8;23;62;32x32;256x256;
Clothes\Clothes_GohanGi.dmi;8;23;62;32x32;256x256;
Clothes\Clothes_GokuDBSSuit.dmi;10;28;75;32x32;288x288;
Clothes\Clothes_GokuJacketandPants.dmi;10;25;46;32x32;224x224;
Clothes\Clothes_Headband.dmi;7;19;58;32x32;256x256;
Clothes\Clothes_Headband2.dmi;9;27;70;32x32;288x256;
Clothes\Clothes_Heros_Hat.dmi;9;27;42;32x32;224x192;
Clothes\Clothes_Heros_Tunic.dmi;9;27;78;32x32;288x288;
Clothes\Clothes_Hit.dmi;8;23;62;32x32;256x256;
Clothes\Clothes_Hood.dmi;7;19;34;32x32;192x192;
Clothes\Clothes_Hooded Cloak 2.dmi;8;20;45;32x32;224x224;
Clothes\Clothes_HoodedCloak.dmi;12;36;180;32x32;448x416;
Clothes\Clothes_HoodlessCloak.dmi;12;36;152;32x32;416x384;
Clothes\Clothes_Jacket.dmi;7;19;58;32x32;256x256;
Clothes\Clothes_Jotaro.dmi;9;27;50;32x32;256x224;
Clothes\Clothes_JotaroCap.dmi;9;21;36;32x32;192x192;
Clothes\Clothes_KaioSuit.dmi;7;19;59;32x32;256x256;
Clothes\Clothes_KingVegetaCape.dmi;8;20;41;32x32;224x192;
Clothes\Clothes_LongSleeveShirt.dmi;7;19;59;32x32;256x256;
Clothes\Clothes_NamekianScarf.dmi;7;19;58;32x32;256x256;
Clothes\Clothes_Pants.dmi;7;19;59;32x32;256x256;
Clothes\Clothes_pantsuhat.dmi;9;27;42;32x32;224x192;
Clothes\Clothes_Ronin.dmi;8;20;41;32x32;224x192;
Clothes\Clothes_RoshiSuit.dmi;8;20;41;32x32;224x192;
Clothes\Clothes_SaiyanMask.dmi;8;20;41;32x32;224x192;
Clothes\Clothes_SaiyanSuit.dmi;10;25;74;32x32;288x288;
Clothes\Clothes_Sash.dmi;7;19;35;32x32;192x192;
Clothes\Clothes_Scarf.dmi;8;23;38;32x32;224x192;
Clothes\Clothes_Shades.dmi;8;20;41;32x32;224x192;
Clothes\Clothes_ShadesCool.dmi;9;24;141;32x32;384x384;
Clothes\Clothes_Shoes.dmi;7;19;34;32x32;192x192;
Clothes\Clothes_ShortSleeveShirt.dmi;7;19;58;32x32;256x256;
Clothes\Clothes_TankTop.dmi;7;19;59;32x32;256x256;
Clothes\Clothes_TankTopandPants.dmi;10;28;43;32x32;224x224;
Clothes\Clothes_TimePatrolCoat.dmi;9;24;45;32x32;224x224;
Clothes\Clothes_Turban.dmi;7;19;58;32x32;256x256;
Clothes\Clothes_TurtleSuit.dmi;12;30;93;32x32;320x320;
Clothes\Clothes_WaistRobe.dmi;8;20;35;32x32;192x192;
Clothes\Clothes_WarriorPants.dmi;8;20;35;32x32;192x192;
Clothes\Clothes_WhiteandRedMask.dmi;8;20;41;32x32;224x192;
Clothes\Clothes_Wristband.dmi;7;19;58;32x32;256x256;
Clothes\Clothing_WhiteandRedMask.dmi;8;20;41;32x32;224x192;
Clothes\Crane Hermit suit.dmi;8;20;35;32x32;192x192;
Clothes\DarkJango.dmi;8;20;41;32x32;224x192;
Clothes\DragonAkatsukiOutfit.dmi;12;27;84;32x32;320x288;
Clothes\El Hermano Suit.dmi;9;24;45;32x32;224x224;
Clothes\EyePatchL.dmi;8;20;41;32x32;224x192;
Clothes\EyePatchR.dmi;8;20;41;32x32;224x192;
Clothes\Eyes_Black.dmi;8;20;41;32x32;224x192;
Clothes\FlowingCape.dmi;9;24;123;32x32;384x352;
Clothes\GinsDynastyArmorRed.dmi;7;13;31;32x32;192x192;
Clothes\Gray suit.dmi;9;27;118;32x32;352x352;
Clothes\Halo.dmi;2;5;17;32x32;160x128;
Clothes\Hat.dmi;9;21;36;32x32;192x192;
Clothes\ItemPiccoloCape.dmi;10;22;43;32x32;224x224;
Clothes\ItemSunGlassess.dmi;9;21;36;32x32;192x192;
Clothes\Jacket2.dmi;9;21;42;32x32;224x192;
Clothes\Jiraya Chill Clothe black + blue.dmi;8;20;41;32x32;224x192;
Clothes\Jumpsuit.dmi;8;20;41;32x32;224x192;
Clothes\Kitsune.dmi;9;24;51;32x32;256x224;
Clothes\Leather pants white strips.dmi;11;26;63;32x32;256x256;
Clothes\Mandalorianhelmet.dmi;8;20;41;32x32;224x192;
Clothes\Marisa Hat.dmi;9;24;47;32x32;224x224;
Clothes\Mask.dmi;9;24;93;32x32;320x320;
Clothes\Mega Buster.dmi;2;5;5;32x32;96x64;
Clothes\Metamoran Vest.dmi;10;34;61;32x32;256x256;
Clothes\NekoCollar.dmi;8;23;62;32x32;256x256;
Clothes\Nier Torso.dmi;7;19;34;32x32;192x192;
Clothes\PhoenixFull.dmi;10;28;59;32x32;256x256;
Clothes\PhoenixFullMakyo.dmi;10;28;59;32x32;256x256;
Clothes\PhoenixFullMoonlight.dmi;10;28;59;32x32;256x256;
Clothes\PhoenixFullNegative.dmi;10;28;59;32x32;256x256;
Clothes\PhoenixFullNegativeMakyo.dmi;10;28;59;32x32;256x256;
Clothes\PhoenixPauldrons.dmi;10;28;59;32x32;256x256;
Clothes\PhoenixPauldronsMakyo.dmi;10;28;59;32x32;256x256;
Clothes\PhoenixTorso.dmi;10;28;59;32x32;256x256;
Clothes\PhoenixTorsoMakyo.dmi;10;28;59;32x32;256x256;
Clothes\potara.dmi;2;8;20;32x32;160x128;
Clothes\potaraleft.dmi;2;5;17;32x32;160x128;
Clothes\potararight.dmi;2;5;17;32x32;160x128;
Clothes\PredatorMask.dmi;9;24;39;32x32;224x192;
Clothes\PredatorWristBracerR.dmi;9;24;63;32x32;256x256;
Clothes\Pride Trooper Suit.dmi;11;32;53;32x32;256x224;
Clothes\Red cool Custom Suit(edited).dmi;10;22;99;32x32;320x320;
Clothes\ReibiFace.dmi;7;19;34;32x32;192x192;
Clothes\Side Cape.dmi;8;14;29;32x32;192x160;
Clothes\spacesuit.dmi;8;20;41;32x32;224x192;
Clothes\SSj4_Body.dmi;8;20;57;32x32;256x256;
Clothes\stonemask.dmi;11;26;45;32x32;224x224;
Clothes\Suraya Gi Two Piece.dmi;8;20;41;32x32;224x192;
Clothes\Sword_Trunks.dmi;6;18;54;32x32;256x224;
Clothes\Tail.dmi;6;15;22;32x32;160x160;
Clothes\TechHelm(1).dmi;11;35;54;32x32;256x224;
Clothes\Tien Clothes.dmi;8;20;41;32x32;224x192;
Clothes\ToSWingsBlack.dmi;4;10;56;32x32;256x224;
Clothes\TuffleTux.dmi;8;20;41;32x32;224x192;
Clothes\Tunic.dmi;8;20;41;32x32;224x192;
Clothes\Turtle Shell 2.dmi;7;16;56;32x32;256x224;
Clothes\Turtle Shell.dmi;1;4;16;32x32;128x128;
Clothes\VVGauntletBlack.dmi;9;24;48;32x32;224x224;
Clothes\Wristbands.dmi;8;20;41;32x32;224x192;
Clothes\Yellow suit.dmi;9;27;118;32x32;352x352;
Clothes\Zangya Boots.dmi;9;24;39;32x32;224x192;
Decor\Asteroid.dmi;1;1;4;32x32;64x64;
Decor\Asteroid2.dmi;4;4;4;32x32;64x64;
Decor\Blinker.dmi;1;1;2;32x32;64x32;
Decor\Blood Fountain.dmi;4;4;4;64x64;128x128;
Decor\Bulletin.dmi;1;1;1;32x32;32x32;
Decor\craterkb.dmi;1;8;8;64x64;192x192;
Decor\Craters.dmi;10;10;10;32x32;128x96;
Decor\craterseries.dmi;4;20;28;32x32;192x160;
Decor\DBV.dmi;1;1;1;250x200;250x200;
Decor\Dummy.dmi;3;6;10;32x32;320x32;
Decor\Edges1.dmi;3;3;3;32x32;96x32;
Decor\Edges2.dmi;3;3;3;32x32;96x32;
Decor\Edges3.dmi;3;3;3;32x32;96x32;
Decor\Edges4.dmi;3;3;3;32x32;96x32;
Decor\Edges5.dmi;3;3;3;32x32;96x32;
Decor\Edges6.dmi;3;3;3;32x32;96x32;
Decor\Giant Hole.dmi;1;1;1;32x32;32x32;
Decor\Graves.dmi;5;5;5;32x32;96x64;
Decor\Holiday.dmi;2;2;2;32x32;64x32;
Decor\Holy Fountain.dmi;4;4;4;64x64;128x128;
Decor\Plants.dmi;16;16;17;32x32;160x128;
Decor\plants2.dmi;38;38;38;32x32;224x192;
Decor\props.dmi;13;13;13;32x32;128x128;
Decor\Rising Rocks.dmi;1;1;4;32x32;128x32;
Decor\roomobj.dmi;8;8;8;32x32;96x96;
Decor\Sign.dmi;1;1;1;32x32;32x32;
Decor\Skin Title.dmi;1;1;1;32x32;32x32;
Decor\Surf1.dmi;2;2;14;32x32;448x32;
Decor\Surf2.dmi;2;2;8;32x32;256x32;
Decor\Surf3.dmi;2;2;29;32x32;928x32;
Decor\Surf4.dmi;2;2;8;32x32;256x32;
Decor\Surf5.dmi;2;2;10;32x32;320x32;
Decor\Surf6.dmi;2;2;14;32x32;448x32;
Decor\switches.dmi;4;4;4;32x32;64x64;
Decor\Whirlpool.dmi;1;1;2;32x32;64x32;
Hair\BlackSSJhair.dmi;8;23;62;32x32;256x256;
Hair\Hair Afro.dmi;8;20;41;32x32;224x192;
Hair\Hair Alucard.dmi;8;20;35;32x32;192x192;
Hair\Hair Bedhead.dmi;8;23;38;32x32;224x192;
Hair\Hair Bushy.dmi;7;19;34;32x32;192x192;
Hair\Hair Headband.dmi;7;19;40;32x32;224x192;
Hair\Hair Hitsugaya.dmi;8;23;54;32x32;256x224;
Hair\Hair Lan.dmi;8;23;62;32x32;256x256;
Hair\Hair Super 17.dmi;9;21;36;32x32;192x192;
Hair\Hair Vegeta Junior.dmi;8;23;62;32x32;256x256;
Hair\HairBlueMale.dmi;7;19;34;32x32;192x192;
Hair\HairBroly.dmi;8;23;38;32x32;224x192;
Hair\HairFemalePonytail.dmi;7;19;34;32x32;192x192;
Hair\HairKidd.dmi;8;20;40;32x32;224x192;
Hair\HairKylin1.dmi;8;20;35;32x32;192x192;
Hair\HairKylin2.dmi;8;23;62;32x32;256x256;
Hair\HairKylin3.dmi;8;20;35;32x32;192x192;
Hair\HairMuse.dmi;8;20;40;32x32;224x192;
Hair\HairPonytail.dmi;7;19;34;32x32;192x192;
Hair\HairRen.dmi;8;23;38;32x32;224x192;
Hair\HairShaggy.dmi;8;23;38;32x32;224x192;
Hair\HairShortFemale.dmi;7;19;34;32x32;192x192;
Hair\Hair_Caulifla.dmi;10;25;46;32x32;224x224;
Hair\Hair_Cloud.dmi;9;24;39;32x32;224x192;
Hair\Hair_Cloud2.dmi;8;20;35;32x32;192x192;
Hair\Hair_FemaleLong.dmi;8;23;63;32x32;256x256;
Hair\Hair_FemaleLong2.dmi;8;23;63;32x32;256x256;
Hair\Hair_FemBroly.dmi;9;24;45;32x32;224x224;
Hair\Hair_FutureGohan.dmi;8;23;38;32x32;224x192;
Hair\Hair_Gohan.dmi;8;23;62;32x32;256x256;
Hair\Hair_Goku.dmi;8;23;63;32x32;256x256;
Hair\Hair_Goten.dmi;8;23;63;32x32;256x256;
Hair\Hair_GTTrunks.dmi;8;23;63;32x32;256x256;
Hair\Hair_GTVegeta.dmi;8;23;63;32x32;256x256;
Hair\Hair_Kale.dmi;8;20;35;32x32;192x192;
Hair\Hair_KidGohan.dmi;8;23;62;32x32;256x256;
Hair\Hair_KidGohan2.dmi;8;20;35;32x32;192x192;
Hair\Hair_Long.dmi;8;23;62;32x32;256x256;
Hair\Hair_Lyndis.dmi;10;28;56;32x32;256x224;
Hair\Hair_MasteredUltraInstinct.dmi;10;31;46;32x32;224x224;
Hair\Hair_Messy.dmi;8;20;35;32x32;192x192;
Hair\Hair_Mohawk.dmi;8;23;63;32x32;256x256;
Hair\Hair_Ponytail.dmi;8;20;35;32x32;192x192;
Hair\Hair_Raditz.dmi;9;27;66;32x32;288x256;
Hair\Hair_Raim.dmi;9;24;39;32x32;224x192;
Hair\Hair_Raphtalia.dmi;4;10;22;32x32;160x160;
Hair\Hair_Ronin.dmi;8;20;35;32x32;192x192;
Hair\Hair_Roxas.dmi;9;27;42;32x32;224x192;
Hair\Hair_Spike.dmi;8;23;63;32x32;256x256;
Hair\Hair_Spiked2right.dmi;8;20;35;32x32;192x192;
Hair\Hair_Stylish.dmi;8;23;35;32x32;192x192;
Hair\Hair_Toushiro.dmi;8;20;35;32x32;192x192;
Hair\Hair_Trump.dmi;8;20;41;32x32;224x192;
Hair\Hair_UltraInstinct.dmi;10;31;46;32x32;224x224;
Hair\Hair_Vegeta.dmi;8;23;62;32x32;256x256;
Hair\Hair_Wavy.dmi;9;24;43;32x32;224x224;
Hair\Hair_Yamcha.dmi;8;23;62;32x32;256x256;
Hair\Hair_Zelos.dmi;8;23;38;32x32;224x192;
Hair\Hope FFXIII Hair.dmi;9;24;57;32x32;256x256;
Hair\Inferno Hair.dmi;7;16;31;32x32;192x192;
Hair\Mezu Hair.dmi;9;24;69;32x32;288x256;
Hair\VegitoHairPVP.dmi;8;23;38;32x32;224x192;
hotkeys\Ability.dmi;3;3;3;32x32;64x64;
hotkeys\Emptyhotbaricon.dmi;1;1;1;58x58;58x58;
hotkeys\flighticon.dmi;1;1;1;32x32;32x32;
hotkeys\iconless.dmi;1;1;1;32x32;32x32;
hotkeys\unorthicon.dmi;1;1;1;32x32;32x32;
Misc\AFK.dmi;1;1;2;32x32;64x32;
Misc\AndroidScraps.dmi;6;13;13;32x32;128x128;
Misc\Asteroid5112013.dmi;1;1;16;128x128;512x512;
Misc\Black Hole.dmi;3;3;32;32x32;192x192;
Misc\Blood Spray.dmi;1;1;3;32x32;64x64;
Misc\bloodbag.dmi;2;2;2;32x32;64x32;
Misc\blue portal.dmi;1;1;4;78x78;156x156;
Misc\BlueOrb64x64.dmi;1;1;64;64x64;512x512;
Misc\BlueOrb96x96.dmi;1;1;64;96x96;768x768;
Misc\Boat.dmi;2;8;16;32x32;128x128;
Misc\bobber.dmi;5;5;15;32x32;128x128;
Misc\Body Parts Bloodless.dmi;10;10;10;32x32;128x96;
Misc\Body Parts Bloody.dmi;10;10;10;32x32;128x96;
Misc\Body Parts.dmi;4;13;13;32x32;128x128;
Misc\BodyParts.dmi;1;8;8;32x32;256x32;
Misc\Brick.dmi;1;1;1;32x32;32x32;
Misc\Bullet.dmi;1;1;1;32x32;32x32;
Misc\CD.dmi;2;8;20;32x32;160x128;
Misc\CellEgg.dmi;2;2;2;32x32;64x32;
Misc\CellLarva.dmi;1;4;16;32x32;128x128;
Misc\CellLarvaBlue.dmi;1;4;16;32x32;128x128;
Misc\colorableport.dmi;1;1;4;100x100;200x200;
Misc\corpse.dmi;2;2;2;32x32;64x32;
Misc\crack.dmi;2;2;2;32x32;64x32;
Misc\CrackFire.dmi;1;1;1;32x32;32x32;
Misc\Crimbus Balls.dmi;8;8;8;32x32;96x96;
Misc\Crimson Cloud.dmi;1;1;4;128x128;256x256;
Misc\Critical.dmi;1;1;3;32x32;64x64;
Misc\DamagedGround.dmi;2;2;2;32x32;64x32;
Misc\DarkPortal100x100.dmi;1;1;4;100x100;200x200;
Misc\dbvalternate.dmi;1;1;1;300x240;300x240;
Misc\DeadZone.dmi;1;1;16;32x32;128x128;
Misc\dish.dmi;1;1;1;103x96;103x96;
Misc\dragonball.dmi;8;8;8;32x32;96x96;
Misc\Dragonballs.dmi;8;8;8;32x32;96x96;
Misc\droidarm.dmi;5;20;44;32x32;224x224;
Misc\dust.dmi;1;1;8;32x32;96x96;
Misc\Egg.dmi;1;1;1;32x32;32x32;
Misc\EmeraldShard.dmi;1;1;4;32x32;64x64;
Misc\Exploded.dmi;2;2;27;32x32;192x160;
Misc\Explosion.dmi;1;1;6;32x32;96x64;
Misc\flashtrans.dmi;2;5;30;32x32;192x160;
Misc\food.dmi;7;7;7;32x32;96x96;
Misc\Foods.dmi;103;103;103;32x32;352x320;
Misc\genericarm.dmi;5;20;36;32x32;192x192;
Misc\Giant Hole.dmi;1;1;1;32x32;32x32;
Misc\Graves.dmi;6;6;6;32x32;96x64;
Misc\Green Emerald.dmi;3;3;3;64x64;128x128;
Misc\Halo.dmi;8;20;71;32x32;288x256;
Misc\Heal Tank.dmi;7;7;20;32x32;160x128;
Misc\HellSpiral.dmi;1;1;4;100x100;200x200;
Misc\HolyPendant.dmi;1;1;1;32x32;32x32;
Misc\iconless.dmi;1;1;1;32x32;32x32;
Misc\Icons.dmi;3;3;3;32x32;64x64;
Misc\InfinityStones.dmi;6;6;6;32x32;96x64;
Misc\Jesus.dmi;1;1;1;64x89;64x89;
Misc\key.dmi;1;1;1;32x32;32x32;
Misc\Ki Particle.dmi;1;1;5;32x32;96x64;
Misc\kikohocrater.dmi;1;1;1;121x123;121x123;
Misc\KikohoDust.dmi;3;3;15;122x34;244x272;
Misc\KikohoExplosion.dmi;1;1;13;158x213;790x639;
Misc\Kintoun.dmi;1;1;2;32x32;64x32;
Misc\KiWater.dmi;2;2;4;32x32;64x64;
Misc\Ki_Blaster.dmi;1;1;1;32x32;32x32;
Misc\Kryptonite.dmi;1;1;4;32x32;128x32;
Misc\LandMineExplosion.dmi;2;2;26;158x213;948x1065;
Misc\large_fish.dmi;1;1;1;32x32;32x32;
Misc\Lightningflash.dmi;1;1;6;32x32;192x32;
Misc\LightningStrike.dmi;3;3;6;32x32;192x32;
Misc\LSD.dmi;1;1;3;32x32;96x32;
Misc\medicon.dmi;1;1;4;32x32;64x64;
Misc\Might Fruit.dmi;1;1;1;32x32;32x32;
Misc\Misc.dmi;31;31;161;32x32;416x416;
Misc\Misc2.dmi;11;11;14;32x32;128x128;
Misc\Misc3.dmi;6;6;6;32x32;96x64;
Misc\Moon.dmi;3;3;10;32x32;320x32;
Misc\Moon2.dmi;3;3;26;32x32;192x160;
Misc\Moonicon.dmi;2;2;2;128x128;256x128;
Misc\msword.dmi;3;3;3;144x128;288x256;
Misc\musician.dmi;19;28;28;32x32;192x160;
Misc\nocharacter.dmi;1;1;1;32x32;32x32;
Misc\PDA.dmi;1;1;5;32x32;96x64;
Misc\Planets.dmi;15;15;18;128x128;640x512;
Misc\Plants.dmi;3;3;3;32x32;64x64;
Misc\PoolofBlood.dmi;1;1;1;32x32;32x32;
Misc\Portal.dmi;9;9;36;32x32;192x192;
Misc\porunga144.dmi;1;1;1;93x143;93x143;
Misc\porunga200x307.dmi;1;1;1;200x307;200x307;
Misc\PrisonRay.dmi;1;1;4;32x32;64x64;
Misc\props.dmi;14;14;16;32x32;128x128;
Misc\purple portal.dmi;1;1;4;128x128;256x256;
Misc\ramen.dmi;1;1;1;32x32;32x32;
Misc\ResourceRocks.dmi;4;4;4;27x25;54x50;
Misc\ReviveAltar.dmi;1;1;1;46x46;46x46;
Misc\reviveshards.dmi;1;1;1;32x32;32x32;
Misc\Rice.dmi;1;1;1;32x32;32x32;
Misc\rockexplosion.dmi;1;1;19;157x229;785x916;
Misc\RPMode.dmi;2;2;2;32x32;64x32;
Misc\Saiba Seed.dmi;1;1;1;32x32;32x32;
Misc\satellite.dmi;1;1;1;96x64;96x64;
Misc\SaySpark.dmi;1;1;5;32x32;160x32;
Misc\Scouter.dmi;6;15;54;32x32;256x224;
Misc\SealingJar.dmi;2;2;2;32x32;64x32;
Misc\Senzu.dmi;1;1;1;32x32;32x32;
Misc\SenzuBean.dmi;1;1;1;32x32;32x32;
Misc\shenron320x222.dmi;1;1;1;320x222;320x222;
Misc\Shield Big.dmi;1;1;9;32x32;96x96;
Misc\ShieldBlue.dmi;2;2;10;32x32;320x32;
Misc\ShikonJewel.dmi;10;10;60;32x32;256x256;
Misc\Ship.dmi;1;1;1;128x138;128x138;
Misc\Shockwavecustom128.dmi;2;2;10;128x128;512x384;
Misc\Shockwavecustom256.dmi;2;2;10;256x256;1024x768;
Misc\Shockwavecustom512.dmi;2;2;10;512x512;2048x1536;
Misc\Shockwavecustom64.dmi;2;2;10;64x64;256x192;
Misc\Shooting Star.dmi;2;8;16;32x32;128x128;
Misc\Shovel.dmi;1;1;1;32x32;32x32;
Misc\Skeleton Key.dmi;1;1;1;32x32;32x32;
Misc\smallasteroid.dmi;1;1;1;50x50;50x50;
Misc\smalldish.dmi;1;1;1;51x48;51x48;
Misc\Soul Gems.dmi;7;7;7;32x32;96x96;
Misc\Spirit Energy.dmi;1;1;4;32x32;64x64;
Misc\Spirit.dmi;1;1;5;32x32;96x64;
Misc\Super DragonBalls 7.dmi;70;70;70;32x32;288x256;
Misc\TeleporterSparkle.dmi;1;1;5;32x32;96x64;
Misc\TimeFreeze.dmi;1;1;4;32x32;128x32;
Misc\Tornado.dmi;1;1;2;32x32;64x32;
Misc\Turret.dmi;5;19;27;32x32;192x160;
Misc\WaterOverlay.dmi;9;15;38;32x32;224x192;
Misc\Whirlpool.dmi;1;1;4;32x32;64x64;
Misc\WhisStaff.dmi;1;1;1;32x32;32x32;
Misc\wishorbs.dmi;8;8;8;32x32;96x96;
Misc\Yemma Fruit.dmi;1;1;1;32x32;32x32;
Misc\Zanzoken.dmi;1;1;3;32x32;64x64;
Misc\ZenniIcon.dmi;1;1;4;32x32;64x64;
NPCs\!!!bankman v10.dmi;28;49;118;32x32;352x352;
NPCs\Animal Bat.dmi;1;4;12;32x32;128x96;
NPCs\Animal Cow.dmi;9;30;53;32x32;256x224;
NPCs\Animal DinoBird.dmi;1;4;8;32x32;96x96;
NPCs\Animal Lion.dmi;1;4;16;32x32;128x128;
NPCs\Animal, Frog.dmi;8;20;62;32x32;256x256;
NPCs\AnimalBat.dmi;1;4;12;32x32;128x96;
NPCs\AnimalFrog.dmi;8;20;62;32x32;256x256;
NPCs\Animals.dmi;3;6;16;32x32;128x128;
NPCs\Big Broly.dmi;8;20;63;32x64;352x384;
NPCs\Boss Delta X2.dmi;11;29;76;32x32;288x288;
NPCs\Character - Odahviing.dmi;9;24;81;96x96;864x864;
NPCs\CoreDemon.dmi;12;33;146;32x32;416x384;
NPCs\Darkrai2.dmi;8;20;46;32x32;224x224;
NPCs\Dbzpunk.dmi;8;32;64;32x32;256x256;
NPCs\Delta X.dmi;11;29;62;32x32;256x256;
NPCs\Delta X2.dmi;11;29;62;32x32;256x256;
NPCs\DemonWolf.dmi;8;20;40;32x32;224x192;
NPCs\dinomunky.dmi;4;10;21;32x32;160x160;
NPCs\dog.dmi;15;57;208;32x32;480x448;
NPCs\Doll.dmi;9;24;45;32x32;224x224;
NPCs\Dragon 2.dmi;7;16;39;32x32;224x192;
NPCs\Dragon2.dmi;6;18;60;32x32;256x256;
NPCs\Evil Man.dmi;1;4;8;32x32;96x96;
NPCs\Gargoyle.dmi;1;4;4;32x32;64x64;
NPCs\Giant Robot 2.dmi;2;8;20;32x32;160x128;
NPCs\Giant Robot.dmi;2;8;36;32x32;192x192;
NPCs\GochekAndroid.dmi;8;23;72;32x32;288x256;
NPCs\Gochekbots.dmi;5;20;64;32x32;256x256;
NPCs\GochekMonster.dmi;7;45;91;32x32;320x320;
NPCs\GreenSaibaman.dmi;1;4;12;32x32;128x96;
NPCs\Guard1.dmi;11;32;40;50x50;350x300;
NPCs\Ice Monster.dmi;1;4;8;32x32;96x96;
NPCs\Ice Robot.dmi;1;4;12;32x32;128x96;
NPCs\IceMonster.dmi;1;4;8;32x32;96x96;
NPCs\IceRobot.dmi;1;4;12;32x32;128x96;
NPCs\Interceptor.dmi;9;27;84;32x32;320x288;
NPCs\Knight.dmi;5;11;26;32x32;192x160;
NPCs\NPC Dragon 1.dmi;1;4;8;32x32;96x96;
NPCs\NPC Reptile Monster.dmi;7;19;55;32x32;256x224;
NPCs\NPC Scorpion 2.dmi;4;13;33;32x32;192x192;
NPCs\NPC Scorpion.dmi;1;4;4;32x32;64x64;
NPCs\NPC Skeleton.dmi;1;4;8;32x32;96x96;
NPCs\NPC Snake.dmi;2;8;16;32x32;128x128;
NPCs\NPC Spider 2.dmi;4;13;47;32x32;224x224;
NPCs\NPC Spider 3.dmi;1;4;16;32x32;128x128;
NPCs\NPC Spider.dmi;2;8;16;32x32;128x128;
NPCs\NPC Virus Android.dmi;8;20;41;32x32;224x192;
NPCs\NPCChicken.dmi;4;13;29;32x32;192x160;
NPCs\NPCDragon1.dmi;1;4;8;32x32;256x32;
NPCs\NPCDragon2.dmi;7;16;39;32x32;224x192;
NPCs\NPCLittleDemon.dmi;1;4;4;32x32;64x64;
NPCs\NPCReptileMonster.dmi;7;19;55;32x32;256x224;
NPCs\NPCScorpion.dmi;1;4;4;32x32;128x32;
NPCs\NPCScorpion2.dmi;4;13;33;32x32;192x192;
NPCs\NPCSheep.dmi;8;20;38;32x32;224x192;
NPCs\NPCSkeleton.dmi;1;4;8;32x32;256x32;
NPCs\NPCSnake.dmi;2;8;16;32x32;128x128;
NPCs\NPCSpider3.dmi;1;4;16;32x32;128x128;
NPCs\NPCSquirrel.dmi;1;4;12;32x32;128x96;
NPCs\NPCVirusAndroid.dmi;8;20;41;32x32;224x192;
NPCs\Oozarou.dmi;3;12;36;32x32;192x192;
NPCs\PossessedSpiritDoll.dmi;10;28;71;32x32;288x256;
NPCs\redrobot.dmi;16;52;137;64x64;768x768;
NPCs\Robot Big.dmi;7;22;41;32x32;224x192;
NPCs\Robot Hover.dmi;7;22;49;32x32;224x224;
NPCs\Robot.dmi;7;22;41;32x32;224x192;
NPCs\Saibaman - Form 1.dmi;11;32;114;32x32;352x352;
NPCs\Saibaman.dmi;6;12;27;32x32;192x160;
NPCs\Shadow mob.dmi;8;23;120;32x32;352x352;
NPCs\shadow.dmi;1;1;1;32x32;32x32;
NPCs\Small Saiba.dmi;6;12;39;32x32;224x192;
NPCs\Spider Small.dmi;3;12;36;32x32;192x192;
NPCs\Tiger Bandit.dmi;5;14;41;32x32;224x192;
NPCs\Tiger Man.dmi;1;4;8;32x32;96x96;
NPCs\Turtle.dmi;4;10;26;32x32;192x160;
NPCs\Vampire Lord.dmi;10;28;62;32x32;256x256;
NPCs\Wolf.dmi;1;4;8;32x32;96x96;
Techniques\Ball - Spirit Bomb.dmi;2;2;5;60x60;180x120;
Techniques\Ball - Supernova.dmi;2;2;5;128x128;384x256;
Techniques\BasenioBlast.dmi;1;1;7;32x32;224x32;
Techniques\Beam - Kamehameha.dmi;10;37;41;32x32;224x192;
Techniques\Beam - Masenko.dmi;6;21;33;32x32;192x192;
Techniques\Beam - Multi-Beam.dmi;12;42;62;32x32;256x256;
Techniques\Beam - Static Beam.dmi;6;21;61;32x32;256x256;
Techniques\Beam Laser.dmi;3;12;12;32x32;128x96;
Techniques\Beam5.dmi;5;20;40;32x32;224x192;
Techniques\BeamBlast Dragon.dmi;6;23;52;32x32;256x224;
Techniques\Beam_DragonFist.dmi;5;20;28;64x64;384x320;
Techniques\Big Bang Attack.dmi;6;36;44;96x96;672x672;
Techniques\BlackDragonBeam.dmi;4;16;28;32x32;192x160;
Techniques\Blade Rush.dmi;1;4;12;32x32;128x96;
Techniques\Blast - Super DD.dmi;1;1;2;60x60;120x60;
Techniques\Brutal Cleaver.dmi;1;1;4;32x32;64x64;
Techniques\CircleWind.dmi;4;4;78;96x96;864x864;
Techniques\Compass Rose.dmi;1;1;3;96x96;192x192;
Techniques\Dark Lance.dmi;1;8;32;32x32;192x192;
Techniques\deathball.dmi;1;1;3;93x93;186x186;
Techniques\Dodompa.dmi;5;20;24;32x32;160x160;
Techniques\Dragonbeam.dmi;5;20;120;32x32;352x352;
Techniques\Electro Shield.dmi;1;1;4;128x128;256x256;
Techniques\Enkumei.dmi;5;20;32;32x32;192x192;
Techniques\Eye Beam 1.dmi;5;20;40;32x32;224x192;
Techniques\Final Flash.dmi;5;20;40;32x32;224x192;
Techniques\Final Flash2.dmi;5;20;32;70x70;420x420;
Techniques\galacticgun.dmi;5;20;56;32x32;256x224;
Techniques\Gigantic Meteor 1.dmi;5;24;40;96x96;672x576;
Techniques\Gigantic Meteor 2.dmi;5;24;32;96x96;576x576;
Techniques\Gigantic Meteor 3.dmi;5;24;24;96x96;480x480;
Techniques\HakaiBall.dmi;1;1;96;48x48;480x480;
Techniques\Heart Blast.dmi;1;1;7;64x64;192x192;
Techniques\Javelin Throw.dmi;1;4;8;32x32;96x96;
Techniques\Kamehameha1.dmi;5;20;40;32x32;224x192;
Techniques\Kamehameha2.dmi;5;20;24;32x32;160x160;
Techniques\Kamehameha3.dmi;5;20;32;32x32;192x192;
Techniques\Kamehameha4.dmi;5;20;20;32x32;160x128;
Techniques\Kamehameha5.dmi;5;20;60;32x32;256x256;
Techniques\Kamehameha6.dmi;5;20;56;32x32;256x224;
Techniques\Kienzan.dmi;1;1;3;32x32;64x64;
Techniques\KiHead.dmi;11;44;60;32x32;256x256;
Techniques\Kikoho.dmi;1;4;8;32x32;96x96;
Techniques\Laser Cannon Beam.dmi;3;12;12;32x32;128x96;
Techniques\Makankosappo2-OC.dmi;5;40;48;32x32;224x224;
Techniques\Makankosappo2.dmi;5;40;48;32x32;224x224;
Techniques\Makankosappo3-OC.dmi;5;40;64;32x32;256x256;
Techniques\Makkankosappo.dmi;5;20;48;32x32;224x224;
Techniques\Makkankosappo3.dmi;5;20;32;32x32;192x192;
Techniques\Makkankosappo4.dmi;5;20;24;32x32;160x160;
Techniques\MegaBurst.dmi;12;45;53;32x32;256x224;
Techniques\Mutant Aaya.dmi;5;20;20;32x32;160x128;
Techniques\namekarm.dmi;5;20;36;32x32;192x192;
Techniques\Omega Blaster (Zee).dmi;5;5;11;128x128;512x384;
Techniques\Reaver.dmi;1;4;12;32x32;128x96;
Techniques\Royal Death Crusher.dmi;1;4;28;100x100;600x500;
Techniques\SBC.dmi;3;12;36;32x32;192x192;
Techniques\SBomb.dmi;2;2;9;32x32;96x96;
Techniques\Shield Blue.dmi;1;1;5;32x32;96x64;
Techniques\Shield, Legendary.dmi;1;1;5;32x32;96x64;
Techniques\Sphere of Destruction.dmi;2;5;24;64x64;320x320;
Techniques\SSJ3BEAMS.dmi;1;8;32;32x32;192x192;
Techniques\Stardust Breaker.dmi;1;1;12;64x64;256x192;
Techniques\Terror Beam.dmi;4;32;80;32x32;288x288;
Techniques\Terror Blast.dmi;1;4;8;32x32;96x96;
Techniques\Third Eye.dmi;8;14;29;32x32;192x160;
Techniques\TimeFreeze.dmi;1;1;4;32x32;128x32;
Techniques\Whirling Blades.dmi;1;1;3;32x32;64x64;
Techniques\Zanzoken.dmi;1;1;3;32x32;64x64;
Techniques\Zento BBKHH 1.dmi;5;20;60;32x32;256x256;
Techniques\Zento BBKHH 2.dmi;5;20;60;32x32;256x256;
Trees\beetroot.dmi;4;4;4;32x32;64x64;
Trees\bigrocktest.dmi;1;1;1;156x171;156x171;
Trees\carrot.dmi;4;4;4;32x32;64x64;
Trees\DecTrees.dmi;3;3;3;61x93;183x93;
Trees\jungleplant32x32.dmi;1;1;1;32x32;32x32;
Trees\jungleplant45x45.dmi;1;1;1;45x45;45x45;
Trees\jungleplant64x64.dmi;1;1;1;64x64;64x64;
Trees\jungletree4.dmi;1;1;1;196x168;196x168;
Trees\MightTree.dmi;3;3;3;94x94;188x188;
Trees\Mushroom12013.dmi;1;1;1;34x57;34x57;
Trees\Namek Tree.dmi;1;1;1;32x64;32x64;
Trees\NamekTrees.dmi;2;2;2;64x170;128x170;
Trees\NamekTrees2.dmi;2;2;2;96x202;192x202;
Trees\Oak.dmi;3;3;3;125x145;250x290;
Trees\Palm.dmi;4;4;4;180x180;360x360;
Trees\Pine.dmi;2;2;2;91x136;182x136;
Trees\Plants1.21.2011.dmi;16;16;17;32x32;160x128;
Trees\potatos.dmi;4;4;4;32x32;64x64;
Trees\RedTree.dmi;1;1;1;64x64;64x64;
Trees\Small Tree.dmi;1;1;1;32x64;32x64;
Trees\Tree (2).dmi;4;4;4;32x32;128x32;
Trees\Tree Good.dmi;6;6;6;64x96;192x192;
Trees\Tree Red.dmi;6;6;6;64x96;192x192;
Trees\Tree Snow.dmi;6;6;6;64x96;192x192;
Trees\Tree Teal.dmi;1;1;1;64x96;64x96;
Trees\tree1.dmi;2;2;2;96x96;192x96;
Trees\Tree12013.dmi;1;1;1;94x94;94x94;
Trees\tree3.dmi;1;1;1;32x32;32x32;
Trees\treee.dmi;2;2;2;32x32;64x32;
Trees\TreeOak2017.dmi;1;1;1;158x178;158x178;
Trees\Trees (2).dmi;4;4;4;32x32;128x32;
Trees\trees (3).dmi;30;30;30;32x32;192x160;
Trees\Trees Namek.dmi;3;3;3;64x96;192x96;
Trees\Trees.dmi;2;2;2;32x32;64x32;
Trees\trees1.dmi;21;21;21;32x32;160x160;
Trees\Trees2(1).dmi;8;8;8;64x128;256x256;
Trees\Trees2.dmi;8;8;8;64x128;256x256;
Trees\TreeYemma.dmi;4;4;4;158x178;316x356;
Trees\wheat.dmi;8;8;8;32x32;96x96;
Turfs\!!!  house furniture.dmi;72;72;76;32x32;288x288;
Turfs\1aBUILDTURFTEMP.dmi;1;1;1;32x32;32x32;
Turfs\arena.dmi;26;26;26;32x32;192x160;
Turfs\brick22.dmi;1;1;1;32x32;32x32;
Turfs\building.dmi;19;19;19;32x32;160x128;
Turfs\castle_floor.dmi;18;18;18;32x32;160x128;
Turfs\castle_wall.dmi;69;69;69;32x32;288x256;
Turfs\CaveEntrances.dmi;13;13;13;32x32;128x128;
Turfs\CaveLight.dmi;1;1;1;32x32;32x32;
Turfs\Cliff.dmi;3;3;3;32x32;64x64;
Turfs\Crimson Cloud32x32.dmi;1;1;4;32x32;64x64;
Turfs\dimensiontile.dmi;5;5;5;32x32;96x64;
Turfs\dimensiontile2.dmi;65;65;65;32x32;288x256;
Turfs\dimensiontile3.dmi;65;65;65;32x32;288x256;
Turfs\dimensiontile4.dmi;65;65;65;32x32;288x256;
Turfs\dimensiontiletest.dmi;3;3;3;256x256;512x512;
Turfs\Dirt.dmi;55;55;55;32x32;256x224;
Turfs\dungeon_entrances.dmi;12;12;12;40x40;160x120;
Turfs\Edges.dmi;10;28;28;32x32;192x160;
Turfs\Edges1.dmi;4;4;4;32x32;64x64;
Turfs\Edges2.dmi;4;4;4;32x32;64x64;
Turfs\Edges3.dmi;4;4;4;32x32;64x64;
Turfs\Edges4.dmi;5;5;5;32x32;96x64;
Turfs\Edges5.dmi;4;4;4;32x32;64x64;
Turfs\Edges6.dmi;4;4;4;32x32;64x64;
Turfs\Edges7.dmi;4;4;4;32x32;64x64;
Turfs\EdgesBridge.dmi;4;4;4;32x32;64x64;
Turfs\entrance2hbtc.dmi;48;48;48;32x32;224x224;
Turfs\Fireplace.dmi;1;1;4;64x64;128x128;
Turfs\flash floor.dmi;1;1;10;32x32;128x96;
Turfs\floor3.dmi;1;1;1;32x32;32x32;
Turfs\FloorsLAWL.dmi;24;24;55;32x32;256x224;
Turfs\Force Wall.dmi;1;1;1;32x32;32x32;
Turfs\ForceWall.dmi;1;1;1;32x32;32x32;
Turfs\furnature.dmi;77;77;77;32x32;288x288;
Turfs\Gothic Tileset.dmi;24;24;24;40x40;200x200;
Turfs\Grass.dmi;54;54;54;32x32;256x224;
Turfs\Gravity Field.dmi;1;1;1;32x32;32x32;
Turfs\GravityField.dmi;1;1;1;32x32;32x32;
Turfs\Ground.dmi;48;48;48;32x32;224x224;
Turfs\Hell gate.dmi;1;1;1;227x250;227x250;
Turfs\Hell Statue.dmi;2;2;2;98x164;196x164;
Turfs\Hell turf.dmi;8;8;41;32x32;224x192;
Turfs\Hellturf.dmi;8;8;41;32x32;224x192;
Turfs\Houses Zen.dmi;19;19;19;32x32;160x128;
Turfs\house_sets.dmi;62;62;64;32x32;256x256;
Turfs\JEFcliff.dmi;5;5;5;32x32;96x64;
Turfs\JEFgreengrass.dmi;10;10;10;32x32;128x96;
Turfs\junglegrasstile.dmi;1;1;1;32x32;32x32;
Turfs\Landscapes.dmi;59;68;115;32x32;352x352;
Turfs\lookkout.dmi;61;61;61;32x32;256x256;
Turfs\metaltiles1.dmi;10;10;10;32x32;128x96;
Turfs\Midgar Tiles.dmi;42;42;57;32x32;256x256;
Turfs\mirror.dmi;1;1;8;32x32;96x96;
Turfs\Namek Tree.dmi;1;1;1;32x64;32x64;
Turfs\Namek.dmi;16;16;45;32x32;224x224;
Turfs\Natural.dmi;35;35;35;32x32;192x192;
Turfs\New Island Edge.dmi;26;26;57;32x32;256x256;
Turfs\NewTurf.dmi;89;89;100;32x32;320x320;
Turfs\Pond Blood.dmi;1;1;2;145x112;290x112;
Turfs\purf.dmi;3;3;3;32x32;64x64;
Turfs\purpleblock.dmi;1;1;1;32x32;32x32;
Turfs\Road2.dmi;5;5;5;32x32;96x64;
Turfs\Roofs.dmi;37;37;87;32x32;320x288;
Turfs\roomobj.dmi;8;8;8;32x32;96x96;
Turfs\Sidewalk.dmi;7;7;7;32x32;96x96;
Turfs\Snake Way.dmi;12;12;49;32x32;224x224;
Turfs\Soul Society Floor.dmi;1;1;1;32x32;32x32;
Turfs\Space.dmi;23;23;34;32x32;192x192;
Turfs\spacebck.dmi;65;65;559;32x32;768x768;
Turfs\specialturfsgochek.dmi;14;14;14;32x32;128x128;
Turfs\stadium.dmi;10;10;10;32x32;128x96;
Turfs\stairs.dmi;13;13;13;32x32;128x128;
Turfs\Surf1.dmi;2;2;14;32x32;448x32;
Turfs\Surf2.dmi;2;2;8;32x32;256x32;
Turfs\Surf3.dmi;2;2;29;32x32;928x32;
Turfs\Surf4.dmi;2;2;8;32x32;256x32;
Turfs\Surf5.dmi;2;2;10;32x32;320x32;
Turfs\Surf6.dmi;2;2;14;32x32;448x32;
Turfs\tanblock.dmi;1;1;1;32x32;32x32;
Turfs\Thrones.dmi;14;14;41;32x64;288x320;
Turfs\Tiles 1.21.2011.dmi;81;81;93;32x32;320x320;
Turfs\Tiles.dmi;67;67;67;32x32;288x256;
Turfs\TMRK.dmi;102;102;102;32x32;352x320;
Turfs\tournamentturf22.dmi;21;21;21;32x32;160x160;
Turfs\townhouse.dmi;22;22;22;32x32;160x160;
Turfs\Turf 50.dmi;94;94;135;32x32;384x384;
Turfs\Turf 52.dmi;55;55;57;32x32;256x256;
Turfs\Turf 55.dmi;33;33;59;32x32;256x256;
Turfs\Turf 57.dmi;177;177;189;32x32;448x448;
Turfs\Turf 58.dmi;21;21;41;32x32;224x192;
Turfs\Turf dbz 32 x 32 2.dmi;120;120;120;32x32;352x352;
Turfs\Turf dbz 32 x 32.dmi;120;120;120;32x32;352x352;
Turfs\Turf Snow.dmi;10;10;10;32x32;128x96;
Turfs\Turf1.dmi;43;43;44;32x32;224x224;
Turfs\Turf2.dmi;204;211;213;32x32;480x480;
Turfs\Turf3.dmi;180;180;180;32x32;448x416;
Turfs\turf5.dmi;3;3;3;32x32;64x64;
Turfs\Turf58.dmi;21;21;41;32x32;224x192;
Turfs\Turfs 1.dmi;57;57;244;32x32;512x512;
Turfs\Turfs 10.dmi;2;2;2;32x32;64x32;
Turfs\Turfs 11.dmi;4;4;22;32x32;160x160;
Turfs\Turfs 12.dmi;77;83;137;32x32;384x384;
Turfs\Turfs 13.dmi;1;1;2;32x32;64x32;
Turfs\Turfs 14.dmi;13;13;39;32x32;224x192;
Turfs\Turfs 15.dmi;6;6;6;32x32;96x64;
Turfs\Turfs 16.dmi;9;9;13;32x32;128x128;
Turfs\Turfs 17.dmi;3;3;3;32x32;64x64;
Turfs\Turfs 18.dmi;3;3;3;32x32;64x64;
Turfs\Turfs 19.dmi;1;1;1;32x32;32x32;
Turfs\Turfs 2.dmi;67;67;89;32x32;320x288;
Turfs\Turfs 3.dmi;19;19;71;32x32;288x256;
Turfs\Turfs 4.dmi;17;17;48;32x32;224x224;
Turfs\Turfs 5.dmi;108;148;310;32x32;576x576;
Turfs\Turfs 6.dmi;6;6;12;32x32;128x96;
Turfs\Turfs 7.dmi;16;16;24;32x32;160x160;
Turfs\Turfs 8.dmi;2;2;2;32x32;64x32;
Turfs\Turfs 9.dmi;5;20;52;32x32;256x224;
Turfs\Turfs 96.dmi;89;89;100;32x32;320x320;
Turfs\turfs sand.dmi;157;157;190;32x32;448x448;
Turfs\Turfs Temple.dmi;23;23;27;32x32;192x160;
Turfs\turfs.dmi;232;232;248;32x32;512x512;
Turfs\Turfs1.dmi;41;41;41;32x32;224x192;
Turfs\Turfs18.dmi;3;3;3;32x32;64x64;
Turfs\turfs2.dmi;91;91;101;32x32;352x320;
Turfs\turfs5.dmi;294;297;522;32x32;736x736;
Turfs\turfs66.dmi;168;168;208;32x32;480x448;
Turfs\TurfsZ.dmi;349;349;350;32x32;608x608;
Turfs\TV1.dmi;20;20;27;32x32;192x160;
Turfs\vegetaturf2016.dmi;1;1;1;32x32;32x32;
Turfs\Walls.dmi;64;64;114;32x32;352x352;
Turfs\WallsLAWL.dmi;3;3;3;32x32;64x64;
Turfs\wasteland ground.dmi;1;1;1;32x32;32x32;
Turfs\wastelandground.dmi;1;1;1;32x32;32x32;
Turfs\water.dmi;1;1;8;32x32;96x96;
Turfs\waterfall.dmi;6;6;23;32x32;736x32;
Turfs\waterfallgreen.dmi;6;6;23;32x32;160x160;
Turfs\WaterOverlay.dmi;14;14;189;32x32;448x448;
Turfs\Waters.dmi;16;16;193;32x32;448x448;
Turfs\Whirlpool.dmi;1;1;4;32x32;64x64;
Turfs\White.dmi;1;1;1;32x32;32x32;
Turfs\woodfloor1.dmi;1;1;1;32x32;32x32;
Weapons\Axe.dmi;5;11;31;32x32;192x192;
Weapons\Blade_Spear.dmi;5;11;34;32x32;192x192;
Weapons\Chainsaw.dmi;1;1;1;32x32;32x32;
Weapons\Club.dmi;7;16;37;32x32;224x192;
Weapons\Falseneoblade.dmi;11;29;122;32x32;384x352;
Weapons\gblaster.dmi;4;4;5;32x32;96x64;
Weapons\Generic Knight Sword.dmi;8;17;32;32x32;192x192;
Weapons\GunAccessories.dmi;6;9;13;32x32;128x128;
Weapons\GUNS (2).dmi;37;37;37;32x32;224x192;
Weapons\GUNS.dmi;7;7;7;32x32;96x96;
Weapons\Hammer.dmi;2;8;20;32x32;160x128;
Weapons\HerosSword.dmi;9;27;90;32x32;320x288;
Weapons\Item Cross.dmi;3;3;3;32x32;64x64;
Weapons\ItemBusterSword.dmi;2;5;20;32x32;160x128;
Weapons\ItemDualBlazeSword.dmi;5;14;93;32x32;320x320;
Weapons\ItemDualElectricSword.dmi;5;14;93;32x32;320x320;
Weapons\ItemGreatSword.dmi;8;20;38;32x32;224x192;
Weapons\ItemKatana.dmi;12;24;39;32x32;224x192;
Weapons\ItemKatana2.dmi;8;20;38;32x32;224x192;
Weapons\ItemSword1.dmi;6;18;47;32x32;224x224;
Weapons\Key.dmi;1;1;1;32x32;32x32;
Weapons\KingdomKey.dmi;10;22;37;32x32;224x192;
Weapons\KiShield.dmi;3;9;33;32x32;192x192;
Weapons\KiSword.dmi;7;19;55;32x32;256x224;
Weapons\KiSwordBig.dmi;7;19;55;32x32;256x224;
Weapons\Roshi Stick.dmi;7;16;37;32x32;224x192;
Weapons\ShortSword.dmi;2;8;20;32x32;160x128;
Weapons\Shuriken.dmi;2;2;4;32x32;64x64;
Weapons\spear.dmi;9;21;24;32x32;160x160;
Weapons\Sword1.dmi;4;13;17;32x32;160x128;
Weapons\Sword2.dmi;4;13;13;32x32;128x128;
Weapons\Sword2Katanas.dmi;10;22;37;32x32;224x192;
Weapons\SwordFlameComplete.dmi;8;20;72;32x32;288x256;
Weapons\SwordSamurai.dmi;9;21;36;32x32;192x192;
Weapons\Sword_Trunks.dmi;7;22;58;32x32;256x256;
Weapons\Weapons (2).dmi;10;10;11;32x32;128x96;
Weapons\Weapons.dmi;46;46;48;32x32;224x224;
Weapons\Windmill Shuriken.dmi;1;1;4;32x32;64x64;
Weapons\Yamato.dmi;9;21;36;32x32;192x192;
Weapons\YinYang.dmi;9;21;42;32x32;224x192;
Weather\Haze.dmi;3;3;14;32x32;128x128;
Weather\IndoorsWeather.dmi;6;6;23;32x32;160x160;
Weather\Weather.dmi;21;21;135;32x32;384x384;
Character Icons\Aliens\Alien 1.dmi;7;19;34;32x32;192x192;
Character Icons\Aliens\Alien 10.dmi;10;22;43;32x32;224x224;
Character Icons\Aliens\Alien 11.dmi;10;28;80;32x32;288x288;
Character Icons\Aliens\Alien 2.dmi;8;20;132;32x32;384x352;
Character Icons\Aliens\Alien 3.dmi;7;19;38;32x32;224x192;
Character Icons\Aliens\Alien 4.dmi;9;21;42;32x32;224x192;
Character Icons\Aliens\Alien 5.dmi;9;21;42;32x32;224x192;
Character Icons\Aliens\Alien 6.dmi;9;21;42;32x32;224x192;
Character Icons\Aliens\Alien 8.dmi;8;20;41;32x32;224x192;
Character Icons\Aliens\Alien 9.dmi;9;21;42;32x32;224x192;
Character Icons\Aliens\Alien Hive.dmi;10;28;49;32x32;224x224;
Character Icons\Aliens\Alien Skully.dmi;8;20;49;32x32;224x224;
Character Icons\Aliens\Alien Tattoo.dmi;8;20;41;32x32;224x192;
Character Icons\Aliens\Alien, Bass.dmi;9;24;55;32x32;256x224;
Character Icons\Aliens\Alien, Beetle.dmi;11;23;44;32x32;224x224;
Character Icons\Aliens\Alien, Burter.dmi;8;20;41;32x32;224x192;
Character Icons\Aliens\Alien, Guldo.dmi;8;20;41;32x32;224x192;
Character Icons\Aliens\Alien, Pikkon.dmi;9;24;49;32x32;224x224;
Character Icons\Aliens\Alien7.dmi;8;20;41;32x32;224x192;
Character Icons\Aliens\AlienFrog.dmi;10;31;91;32x32;320x320;
Character Icons\Aliens\AlienHive.dmi;10;28;49;32x32;224x224;
Character Icons\Aliens\AlienKanassa.dmi;8;20;36;32x32;192x192;
Character Icons\Aliens\AlienSiber v1.5.dmi;12;27;60;32x32;256x256;
Character Icons\Aliens\Baseniojin.dmi;8;23;62;32x32;1984x32;
Character Icons\Aliens\Bio Experiment.dmi;11;29;109;32x32;352x320;
Character Icons\Aliens\Blob.dmi;9;27;79;32x32;288x288;
Character Icons\Aliens\BuffFrog.dmi;10;28;49;32x32;224x224;
Character Icons\Aliens\CavemanAlien.dmi;8;20;37;32x32;224x192;
Character Icons\Aliens\Chocobo.dmi;5;20;56;32x32;1792x32;
Character Icons\Aliens\CourageDog.dmi;22;70;146;32x32;416x384;
Character Icons\Aliens\Goron.dmi;9;24;117;32x32;352x352;
Character Icons\Aliens\Hatchiyack.dmi;8;20;36;32x32;192x192;
Character Icons\Aliens\Konatsu.dmi;8;23;62;32x32;256x256;
Character Icons\Aliens\Kratos.dmi;10;31;75;32x32;288x288;
Character Icons\Aliens\Race Ginyu.dmi;9;21;42;32x32;224x192;
Character Icons\Aliens\Race Kui.dmi;9;21;42;32x32;224x192;
Character Icons\Aliens\Zora.dmi;10;25;58;32x32;256x256;
Character Icons\Androids\Android - Form 2.dmi;15;36;254;32x32;512x512;
Character Icons\Androids\Android - Form 3.dmi;15;39;178;32x32;448x416;
Character Icons\Androids\Android - Form 4.dmi;15;39;132;32x32;384x352;
Character Icons\Androids\Android 13 .2.dmi;9;21;51;32x32;256x224;
Character Icons\Androids\Android Normal.dmi;8;20;52;32x32;256x224;
Character Icons\Androids\Android.dmi;8;20;41;32x32;224x192;
Character Icons\Androids\Android13.dmi;7;19;34;32x32;192x192;
Character Icons\Androids\AndroidBlackout.dmi;13;38;75;32x32;288x288;
Character Icons\Androids\AndroidProxy.dmi;13;31;151;32x32;416x384;
Character Icons\Androids\AndroidSkeletor.dmi;9;28;57;32x32;256x256;
Character Icons\Androids\AndroidSpider.dmi;10;22;111;32x32;352x352;
Character Icons\Androids\BaseAndroid1.dmi;8;23;72;32x32;288x256;
Character Icons\Androids\BaseAndroid2.dmi;8;20;41;32x32;224x192;
Character Icons\Androids\Bebi 1 Alt.dmi;13;34;133;32x32;384x384;
Character Icons\Androids\Bio Experiment.dmi;11;29;109;32x32;352x320;
Character Icons\Androids\Delta X.dmi;11;29;62;32x32;256x256;
Character Icons\Bioandroids\BaseAndroid1.dmi;8;23;72;32x32;288x256;
Character Icons\Bioandroids\BaseAndroid2.dmi;8;20;41;32x32;224x192;
Character Icons\Bioandroids\Bio Android - Form 5.dmi;14;35;138;32x32;384x384;
Character Icons\Bioandroids\Bio Android 1.dmi;8;23;73;32x32;288x288;
Character Icons\Bioandroids\Bio Android 2.dmi;8;23;62;32x32;256x256;
Character Icons\Bioandroids\Bio Android 3.dmi;8;23;73;32x32;288x288;
Character Icons\Bioandroids\Bio Android 4.dmi;8;23;62;32x32;256x256;
Character Icons\Bioandroids\Bio Android 6.dmi;8;23;62;32x32;256x256;
Character Icons\Bioandroids\BioAndroid1(Spore).dmi;8;23;73;32x32;288x288;
Character Icons\Bioandroids\BioExperiment.dmi;11;29;109;32x32;352x320;
Character Icons\Bioandroids\bioto2.dmi;1;4;16;32x32;128x128;
Character Icons\Bioandroids\bioto3.dmi;1;4;16;32x32;128x128;
Character Icons\Bioandroids\Cell Jr.dmi;6;24;96;32x32;320x320;
Character Icons\Bioandroids\Female Bioandroid.dmi;8;20;41;32x32;224x192;
Character Icons\Bioandroids\Female BioandroidDorado.dmi;8;20;41;32x32;224x192;
Character Icons\Bioandroids\Female Bioandroidform2.dmi;8;20;41;32x32;224x192;
Character Icons\Bioandroids\Frieza-Cell.dmi;9;24;74;32x32;288x288;
Character Icons\Demons\Base_Skully.dmi;8;20;49;32x32;224x224;
Character Icons\Demons\Dante DT(DMC3).dmi;8;20;39;32x32;224x192;
Character Icons\Demons\Deaths Form.dmi;8;26;41;32x32;224x192;
Character Icons\Demons\Deaths Form2.dmi;8;23;41;32x32;224x192;
Character Icons\Demons\Demon - Form 1.dmi;14;35;205;32x32;480x448;
Character Icons\Demons\Demon - Form 4.dmi;12;30;104;32x32;352x320;
Character Icons\Demons\Demon Leader 1.dmi;9;24;69;32x32;288x256;
Character Icons\Demons\Demon, Elemental.dmi;9;24;69;32x32;288x256;
Character Icons\Demons\Demon, Uber Vampire.dmi;9;24;79;32x32;288x288;
Character Icons\Demons\Demon, Wolf.dmi;8;20;40;32x32;224x192;
Character Icons\Demons\Demon1.dmi;8;23;62;32x32;256x256;
Character Icons\Demons\Demon2.dmi;8;23;65;32x32;288x256;
Character Icons\Demons\Demon3.dmi;11;32;168;32x32;416x416;
Character Icons\Demons\Demon4.dmi;9;24;66;32x32;288x256;
Character Icons\Demons\Demon5.dmi;10;28;47;32x32;224x224;
Character Icons\Demons\Demon6.dmi;9;24;85;32x32;320x288;
Character Icons\Demons\Demon6Female.dmi;9;24;85;32x32;320x288;
Character Icons\Demons\Demon7.dmi;9;24;48;32x32;224x224;
Character Icons\Demons\DemonDeath.dmi;8;20;45;32x32;224x224;
Character Icons\Demons\DemonElemental.dmi;9;24;69;32x32;288x256;
Character Icons\Demons\DemonForm1.dmi;13;34;82;32x32;320x288;
Character Icons\Demons\DemonForm3_black.dmi;14;35;228;32x32;512x480;
Character Icons\Demons\DemonForm4.dmi;11;32;107;32x32;352x320;
Character Icons\Demons\DemonForm4black.dmi;14;44;98;32x32;320x320;
Character Icons\Demons\DemonIfrit.dmi;10;25;89;32x32;320x288;
Character Icons\Demons\DemonJanemba.dmi;9;24;60;32x32;256x256;
Character Icons\Demons\DemonUberVampire.dmi;9;24;79;32x32;288x288;
Character Icons\Demons\DemonVampireMajinByTobiUchiha.dmi;2;2;32;32x32;192x192;
Character Icons\Demons\HollowKing.dmi;10;25;77;32x32;288x288;
Character Icons\Demons\Satan.dmi;15;30;70;32x32;288x256;
Character Icons\Demons\Vampire Lord.dmi;10;28;62;32x32;256x256;
Character Icons\Demons\Vergil DT.dmi;8;20;39;32x32;224x192;
Character Icons\Dragons\1 Dragon.dmi;8;26;118;32x32;352x352;
Character Icons\Dragons\2 Dragon.dmi;7;22;101;32x32;352x320;
Character Icons\Dragons\3 Dragon.dmi;7;16;35;32x32;192x192;
Character Icons\Dragons\4 Dragon.dmi;7;16;35;32x32;192x192;
Character Icons\Dragons\5 Dragon.dmi;7;19;67;32x32;288x256;
Character Icons\Dragons\6 Dragon.dmi;7;22;101;32x32;352x320;
Character Icons\Dragons\7 Dragon.dmi;7;22;101;32x32;352x320;
Character Icons\Dragons\DragonForm2.dmi;14;38;100;32x32;320x320;
Character Icons\Frost Demons\BaseCooler.dmi;8;20;42;32x32;224x192;
Character Icons\Frost Demons\Changeling 1 Large.dmi;7;19;62;32x32;256x256;
Character Icons\Frost Demons\Changeling 5 Frieza.dmi;7;19;34;32x32;192x192;
Character Icons\Frost Demons\Changeling 5 Kold.dmi;7;19;34;32x32;192x192;
Character Icons\Frost Demons\Changeling Form 3.dmi;8;23;66;32x32;288x256;
Character Icons\Frost Demons\Changeling Form 4 Orange.dmi;8;23;67;32x32;288x256;
Character Icons\Frost Demons\Changeling Form 4.dmi;8;23;67;32x32;288x256;
Character Icons\Frost Demons\Changeling Frieza 100% 2.dmi;8;23;71;32x32;288x256;
Character Icons\Frost Demons\Changeling Frieza 100% 3.dmi;8;26;69;32x32;288x256;
Character Icons\Frost Demons\Changeling Frieza 100%.dmi;8;20;46;32x32;224x224;
Character Icons\Frost Demons\Changeling Frieza 2.dmi;8;23;63;32x32;256x256;
Character Icons\Frost Demons\Changeling Frieza Form 2, 2.dmi;8;23;66;32x32;288x256;
Character Icons\Frost Demons\Changeling Frieza Form 2.dmi;7;19;70;32x32;288x256;
Character Icons\Frost Demons\Changeling Frieza Form 3, 2.dmi;8;23;66;32x32;288x256;
Character Icons\Frost Demons\Changeling Frieza Form 3.dmi;7;19;62;32x32;256x256;
Character Icons\Frost Demons\Changeling Frieza Form 4, 2.dmi;8;23;67;32x32;288x256;
Character Icons\Frost Demons\Changeling Frieza Form 4, 3.dmi;7;19;38;32x32;224x192;
Character Icons\Frost Demons\Changeling Frieza Form 4.dmi;8;20;41;32x32;224x192;
Character Icons\Frost Demons\Changeling Frieza.dmi;8;20;41;32x32;224x192;
Character Icons\Frost Demons\Changeling Full Power.dmi;8;23;71;32x32;288x256;
Character Icons\Frost Demons\Changeling Kold 2.dmi;8;23;63;32x32;256x256;
Character Icons\Frost Demons\Changeling Kold Form 2.dmi;7;19;62;32x32;256x256;
Character Icons\Frost Demons\Changeling Kold.dmi;8;20;41;32x32;224x192;
Character Icons\Frost Demons\Changeling Koola 2.dmi;8;23;63;32x32;256x256;
Character Icons\Frost Demons\Changeling Koola Expand 2.dmi;8;20;41;32x32;224x192;
Character Icons\Frost Demons\Changeling Koola Expand.dmi;7;19;46;32x32;224x224;
Character Icons\Frost Demons\Changeling Koola Form 2.dmi;7;19;62;32x32;256x256;
Character Icons\Frost Demons\Changeling Koola Form 3, 2.dmi;8;23;69;32x32;288x256;
Character Icons\Frost Demons\Changeling Koola Form 3.dmi;8;20;41;32x32;224x192;
Character Icons\Frost Demons\Changeling Koola Form 4, 3.dmi;8;23;84;32x32;320x288;
Character Icons\Frost Demons\Changeling Koola Form 4.dmi;7;19;110;32x32;352x320;
Character Icons\Frost Demons\Changeling Koola.dmi;8;20;39;32x32;224x192;
Character Icons\Frost Demons\Changeling Kuriza.dmi;8;20;38;32x32;224x192;
Character Icons\Frost Demons\Changeling.dmi;8;23;63;32x32;256x256;
Character Icons\Frost Demons\Changling - Form 1.dmi;17;47;139;32x32;384x384;
Character Icons\Frost Demons\Changling - Form 2 Orange.dmi;15;45;135;32x32;384x384;
Character Icons\Frost Demons\Changling - Form 2.dmi;15;45;135;32x32;384x384;
Character Icons\Frost Demons\Changling - Form 3 Orange.dmi;15;45;108;32x32;352x320;
Character Icons\Frost Demons\Changling - Form 3.dmi;15;45;108;32x32;352x320;
Character Icons\Frost Demons\Changling - Form 6 - Orange.dmi;12;36;129;32x32;384x352;
Character Icons\Frost Demons\Changling - Form 6.dmi;12;36;129;32x32;384x352;
Character Icons\Frost Demons\ChanglingForm7.dmi;16;49;159;32x32;416x416;
Character Icons\Frost Demons\ChanglingMetal.dmi;10;34;111;32x32;352x352;
Character Icons\Frost Demons\Cooler Form 4.dmi;8;23;69;32x32;288x256;
Character Icons\Frost Demons\Frieza.dmi;7;16;44;32x32;224x224;
Character Icons\Frost Demons\Frostdemon Form 3.dmi;8;23;66;32x32;288x256;
Character Icons\Frost Demons\Frostdemon Form 4.dmi;8;23;67;32x32;288x256;
Character Icons\Frost Demons\Frostdemon Full Power.dmi;8;23;71;32x32;288x256;
Character Icons\Frost Demons\Frostdemon Kold.dmi;8;23;63;32x32;256x256;
Character Icons\Frost Demons\Frostdemon Koola.dmi;8;23;63;32x32;256x256;
Character Icons\Frost Demons\Frostdemon.dmi;8;23;63;32x32;256x256;
Character Icons\Frost Demons\King Kold Form 2 Orange.dmi;7;19;34;32x32;192x192;
Character Icons\Frost Demons\King Kold Form 2.dmi;7;19;34;32x32;192x192;
Character Icons\Frost Demons\Koola Final Form.dmi;8;23;84;32x32;320x288;
Character Icons\Frost Demons\Mecha Frieza.dmi;10;28;102;32x32;352x320;
Character Icons\Kais\Chronoa.dmi;9;21;42;32x32;224x192;
Character Icons\Kais\Kai - Female.dmi;13;31;95;32x32;320x320;
Character Icons\Kais\Kai - Grand.dmi;11;26;70;32x32;288x256;
Character Icons\Kais\Kai - King.dmi;13;37;127;32x32;384x352;
Character Icons\Kais\Kai - Purple.dmi;8;20;54;32x32;256x224;
Character Icons\Kais\Kai - Red.dmi;8;20;54;32x32;256x224;
Character Icons\Kais\Kai - Supreme.dmi;13;37;135;32x32;384x384;
Character Icons\Kais\Kaio.dmi;8;20;46;32x32;224x224;
Character Icons\Kais\King Kai.dmi;3;6;23;32x32;160x160;
Character Icons\Majins\female majin base (small).dmi;10;25;79;32x32;288x288;
Character Icons\Majins\Female Majin.dmi;11;29;58;32x32;256x256;
Character Icons\Majins\JonatMajin.dmi;12;30;113;32x32;352x352;
Character Icons\Majins\Majin - Form 1.dmi;14;38;230;32x32;512x480;
Character Icons\Majins\Majin - Form 2.dmi;13;37;233;32x32;512x480;
Character Icons\Majins\Majin - Form 3.dmi;12;30;228;32x32;512x480;
Character Icons\Majins\Majin - Form 4.dmi;13;34;226;32x32;512x480;
Character Icons\Majins\Majin.dmi;10;28;57;32x32;256x256;
Character Icons\Majins\Majin1.dmi;14;29;81;32x32;288x288;
Character Icons\Majins\MajinForm11.dmi;12;33;155;32x32;416x384;
Character Icons\Majins\MajinForm5.dmi;16;46;139;32x32;384x384;
Character Icons\Misc\Angel Female.dmi;8;20;41;32x32;224x192;
Character Icons\Misc\Angel Male.dmi;8;20;41;32x32;224x192;
Character Icons\Misc\Arlian.dmi;7;16;35;32x32;192x192;
Character Icons\Misc\Babidi.dmi;10;25;84;32x32;320x288;
Character Icons\Misc\BabyBoy.dmi;8;20;41;32x32;224x192;
Character Icons\Namekians\Albino Namek.dmi;9;27;75;32x32;288x288;
Character Icons\Namekians\Namek - Shadow.dmi;10;28;54;32x32;256x224;
Character Icons\Namekians\Namek 2.dmi;8;20;41;32x32;224x192;
Character Icons\Namekians\Namek Adult.dmi;8;23;42;32x32;224x192;
Character Icons\Namekians\Namek Young.dmi;8;23;42;32x32;224x192;
Character Icons\Namekians\Namek.dmi;8;20;41;32x32;224x192;
Character Icons\Namekians\NamekOld - Guru Style.dmi;9;24;45;32x32;224x224;
Character Icons\Namekians\NamekOld.dmi;7;19;38;32x32;224x192;
Character Icons\shitbeast\Shitbeast.dmi;8;20;35;32x32;1120x32;
Character Icons\Transformations\GoldIcer.dmi;13;37;125;32x40;416x400;
Character Icons\Transformations\goldoozaruhayate.dmi;21;78;130;96x96;1152x1056;
Character Icons\Transformations\oozaruhayate.dmi;21;78;130;96x96;1152x1056;
Clothes\Armor\Armor 8.dmi;8;20;41;32x32;224x192;
Clothes\Armor\Armor Bardock.dmi;8;20;41;32x32;224x192;
Clothes\Armor\Armor Yardrat.dmi;8;23;62;32x32;256x256;
Clothes\Armor\Armor, Azure.dmi;9;21;42;32x32;224x192;
Clothes\Armor\Armor.dmi;10;37;66;32x32;288x256;
Clothes\Armor\Armor1.dmi;8;23;62;32x32;256x256;
Clothes\Armor\Armor2.dmi;8;23;62;32x32;256x256;
Clothes\Armor\Armor_Elite.dmi;6;15;55;32x32;256x224;
Clothes\Armor\Armor_Rit1.dmi;6;15;55;32x32;256x224;
Clothes\Armor\Armor_Rit2.dmi;6;15;55;32x32;256x224;
Clothes\Armor\BlueArmor.dmi;6;12;27;32x32;192x160;
Clothes\Armor\Clothes_Armor1.dmi;8;23;62;32x32;256x256;
Clothes\Armor\Clothes_Armor2.dmi;8;23;62;32x32;256x256;
Clothes\Armor\Clothes_ArmorTorsoandBoots.dmi;9;24;45;32x32;224x224;
Clothes\Armor\Clothes_VegetaDBSArmor.dmi;10;31;70;32x32;288x256;
Clothes\Armor\Clothes_VegetaSaiyanSagaArmor.dmi;8;14;29;32x32;192x160;
Clothes\Armor\GinsDynastyArmorRed.dmi;7;13;31;32x32;992x32;
Clothes\Armor\Golden Armor.dmi;7;19;34;32x32;192x192;
Clothes\Armor\Guild Armor Gold.dmi;8;29;81;32x32;288x288;
Clothes\Armor\Nappa Armor.dmi;6;15;55;32x32;256x224;
Clothes\Armor\RaditzArmorTobiUchiha.dmi;6;12;27;32x32;192x160;
Clothes\Armor\RedArmor.dmi;6;12;27;32x32;192x160;
Clothes\Armor\TurlesArmorTobiUchiha.dmi;6;12;27;32x32;192x160;
Clothes\Armor\UncolouredArmourPlating.dmi;8;20;41;32x32;224x192;
Clothes\Armor\White Male Armor.dmi;8;20;41;32x32;224x192;
Clothes\Armor\WhiteMaleArmor.dmi;8;20;41;32x32;1312x32;
Clothes\Armor\WTFArmor.dmi;6;12;28;32x32;192x160;
Hair\SSJ Hairs\Caulifla_Hair_SSJ.dmi;10;25;61;32x32;256x256;
Hair\SSJ Hairs\Caulifla_Hair_SSJ2.dmi;9;24;57;32x32;256x256;
Hair\SSJ Hairs\Caulifla_Hair_SSjFP.dmi;10;25;49;32x32;224x224;
Hair\SSJ Hairs\Caulifla_Hair_USSJ.dmi;10;25;61;32x32;256x256;
Hair\SSJ Hairs\Hair AfroSSJ.dmi;8;20;41;32x32;224x192;
Hair\SSJ Hairs\Hair VegetaSSJ4.dmi;8;23;62;32x32;256x256;
Hair\SSJ Hairs\HairBrolyLssj.dmi;8;20;35;32x32;192x192;
Hair\SSJ Hairs\HairBrolySSj.dmi;9;21;36;32x32;192x192;
Hair\SSJ Hairs\HairFemalePonyTailSSj.dmi;8;20;48;32x32;224x224;
Hair\SSJ Hairs\HairPonytailSSJ.dmi;7;19;34;32x32;192x192;
Hair\SSJ Hairs\HairPonytailSSJFP.dmi;7;19;34;32x32;192x192;
Hair\SSJ Hairs\Hair_BrolyLssj.dmi;8;20;35;32x32;192x192;
Hair\SSJ Hairs\Hair_BrolySSj.dmi;9;21;36;32x32;192x192;
Hair\SSJ Hairs\Hair_CloudSSJ.dmi;8;20;35;32x32;192x192;
Hair\SSJ Hairs\Hair_FemaleLongSSj.dmi;8;23;62;32x32;256x256;
Hair\SSJ Hairs\Hair_FutureGohanSSj.dmi;8;23;62;32x32;256x256;
Hair\SSJ Hairs\Hair_GohanSSj.dmi;8;23;62;32x32;256x256;
Hair\SSJ Hairs\Hair_GohanSSjFP.dmi;8;23;62;32x32;256x256;
Hair\SSJ Hairs\Hair_GohanUSSj.dmi;8;23;62;32x32;256x256;
Hair\SSJ Hairs\Hair_GokuSSj.dmi;8;23;62;32x32;256x256;
Hair\SSJ Hairs\Hair_GokuSSj3.dmi;8;23;62;32x32;256x256;
Hair\SSJ Hairs\Hair_GokuSSjFP.dmi;8;23;62;32x32;256x256;
Hair\SSJ Hairs\Hair_GokuUSSj.dmi;8;23;62;32x32;256x256;
Hair\SSJ Hairs\Hair_GTVegetaSSj.dmi;8;23;63;32x32;256x256;
Hair\SSJ Hairs\Hair_Karoly.dmi;8;20;35;32x32;192x192;
Hair\SSJ Hairs\Hair_KidGohanSSj.dmi;8;23;62;32x32;256x256;
Hair\SSJ Hairs\Hair_KidGohanSSj2.dmi;7;16;31;32x32;192x192;
Hair\SSJ Hairs\Hair_KidGohanSSjFP.dmi;8;23;62;32x32;256x256;
Hair\SSJ Hairs\Hair_KidGohanUSSj.dmi;8;23;62;32x32;256x256;
Hair\SSJ Hairs\Hair_LongSSj.dmi;8;23;62;32x32;256x256;
Hair\SSJ Hairs\Hair_LongSSjFP.dmi;8;23;62;32x32;256x256;
Hair\SSJ Hairs\Hair_LongUSSj.dmi;8;23;62;32x32;256x256;
Hair\SSJ Hairs\Hair_Long_PonytailSSJ.dmi;9;24;40;32x32;224x192;
Hair\SSJ Hairs\Hair_MohawkSSj.dmi;8;23;63;32x32;256x256;
Hair\SSJ Hairs\Hair_RaditzSSj.dmi;9;27;66;32x32;288x256;
Hair\SSJ Hairs\Hair_RaditzSSjFP.dmi;9;27;66;32x32;288x256;
Hair\SSJ Hairs\Hair_SpikeSSj.dmi;8;23;63;32x32;256x256;
Hair\SSJ Hairs\Hair_SSj4.dmi;8;23;62;32x32;256x256;
Hair\SSJ Hairs\Hair_SSJ4Female.dmi;9;24;69;32x32;288x256;
Hair\SSJ Hairs\Hair_SSJ4Gogeta.dmi;8;20;35;32x32;192x192;
Hair\SSJ Hairs\Hair_TotallyRoxasSSJNotJustFlippedGohanSSJ.dmi;8;23;62;32x32;256x256;
Hair\SSJ Hairs\Hair_TrunksUSSj.dmi;8;20;35;32x32;192x192;
Hair\SSJ Hairs\Hair_VegetaSSj.dmi;8;23;62;32x32;256x256;
Hair\SSJ Hairs\Hair_VegetaSSjFP.dmi;8;23;62;32x32;256x256;
Hair\SSJ Hairs\Hair_VegetaUSSj.dmi;8;23;62;32x32;256x256;
Hair\SSJ Hairs\Hair_VegitoSSj.dmi;8;20;35;32x32;192x192;
Hair\SSJ Hairs\Hair_YamchaSSj.dmi;7;16;31;32x32;192x192;
Hair\SSJ Hairs\Inferno SSJ.dmi;7;16;31;32x32;192x192;
Hair\SSJ Hairs\Inferno SSJFP.dmi;7;16;31;32x32;192x192;
Hair\SSJ Hairs\Inferno USSJ.dmi;7;16;31;32x32;192x192;
Hair\SSJ Hairs\Kale Hair LSSJ.dmi;8;20;35;32x32;192x192;
Hair\SSJ Hairs\Kale Hair SSJ.dmi;8;20;35;32x32;192x192;
Hair\SSJ Hairs\LongFemaleHairssj.dmi;10;25;52;32x32;256x224;
Hair\SSJ Hairs\LSS3.dmi;7;16;31;32x32;192x192;
Hair\SSJ Hairs\SSJ Zelos.dmi;8;23;38;32x32;224x192;
Hair\SSJ Hairs\VegitoHairPVPSSj2.dmi;9;27;70;32x32;288x256;
Hair\SSJ Hairs\VegitoHairPVPSSjFP.dmi;8;20;35;32x32;192x192;
Misc\effects\AmbientOcclusion.dmi;3;3;3;32x32;64x64;
Misc\effects\Attack strength indicator concept.dmi;4;4;25;32x32;160x160;
Misc\effects\attackspark.dmi;6;6;6;68x68;204x136;
Misc\effects\beamaxis.dmi;1;1;4;96x96;192x192;
Misc\effects\bigboom.dmi;1;1;10;512x512;2048x1536;
Misc\effects\bigrocktest.dmi;1;1;1;156x171;156x171;
Misc\effects\Blackness2017.dmi;1;1;1;32x32;32x32;
Misc\effects\Bleeding.dmi;1;1;4;32x32;64x64;
Misc\effects\Bloodspray.dmi;13;28;28;68x68;408x340;
Misc\effects\Bloody body.dmi;2;5;17;32x32;160x128;
Misc\effects\CaveLight.dmi;1;1;1;32x32;32x32;
Misc\effects\Craters2.dmi;7;7;7;96x96;288x288;
Misc\effects\DirtPatchOverlays.dmi;8;8;8;32x32;96x96;
Misc\effects\Explosion.dmi;2;2;17;32x32;160x128;
Misc\effects\Explosion1.dmi;1;1;3;224x180;672x180;
Misc\effects\Explosion12013.dmi;5;5;9;80x80;240x240;
Misc\effects\Explosion2.dmi;1;1;5;64x64;192x128;
Misc\effects\Explosion3.dmi;1;1;6;48x64;288x64;
Misc\effects\Explosion4.dmi;1;1;16;62x44;248x176;
Misc\effects\Explosion5.dmi;1;1;3;224x180;448x360;
Misc\effects\Explosion6.dmi;1;1;3;224x180;448x360;
Misc\effects\explosionnuke.dmi;1;1;5;256x256;768x512;
Misc\effects\Fireflies.dmi;3;3;45;64x64;448x448;
Misc\effects\Floorblood.dmi;1;1;1;70x30;70x30;
Misc\effects\fogcloud.dmi;5;20;32;150x150;900x900;
Misc\effects\LightPortal.dmi;1;1;16;100x100;400x400;
Misc\effects\RisingRocks.dmi;1;1;4;32x32;128x32;
Misc\effects\SBombGivePower.dmi;1;1;4;32x32;128x32;
Misc\effects\Shockwavecustom128.dmi;2;2;10;128x128;512x384;
Misc\effects\Shockwavecustom256.dmi;2;2;10;256x256;1024x768;
Misc\effects\Shockwavecustom512.dmi;2;2;10;512x512;2048x1536;
Misc\effects\Shockwavecustom64.dmi;3;3;15;64x64;256x256;
Misc\effects\SpiritBombParticle.dmi;1;1;4;32x32;64x64;
Misc\effects\Sunfield.dmi;1;1;4;256x256;512x512;
Misc\effects\SwarmofFlies.dmi;1;1;4;64x64;128x128;
Misc\effects\SwirlingSmokeEffect.dmi;1;1;45;256x256;1792x1792;
Misc\effects\swirlingwhiteenergy.dmi;1;1;10;256x256;1024x768;
Misc\effects\TorchLightCircle.dmi;1;1;2;517x517;1034x517;
Misc\effects\WhiteFlashingCircle.dmi;3;3;9;128x128;384x384;
Misc\effects\windeffect.dmi;1;8;56;32x32;256x224;
Misc\HUD\EightGatesIcon.dmi;1;1;15;32x32;128x128;
Misc\HUD\GKiBar.dmi;6;6;13;64x32;192x160;
Misc\HUD\health_enemy.dmi;14;14;42;32x32;224x192;
Misc\HUD\health_hud.dmi;10;10;10;96x96;384x288;
Misc\HUD\health_hud_abdomen.dmi;6;6;6;96x96;288x192;
Misc\HUD\health_hud_base.dmi;6;6;6;96x96;288x192;
Misc\HUD\health_hud_head.dmi;6;6;6;96x96;288x192;
Misc\HUD\health_hud_leftarm.dmi;6;6;6;96x96;288x192;
Misc\HUD\health_hud_leftleg.dmi;6;6;6;96x96;288x192;
Misc\HUD\health_hud_reproductive_organs.dmi;6;6;6;96x96;288x192;
Misc\HUD\health_hud_rightarm.dmi;6;6;6;96x96;288x192;
Misc\HUD\health_hud_rightleg.dmi;6;6;6;96x96;288x192;
Misc\HUD\health_hud_torso.dmi;6;6;6;96x96;288x192;
Misc\HUD\KiBar.dmi;6;6;17;64x32;192x192;
Misc\HUD\screen_midnight.dmi;35;35;35;32x32;192x192;
Misc\HUD\SenseBubble.dmi;1;1;8;32x32;96x96;
Misc\HUD\SSJIcon.dmi;1;1;1;32x32;32x32;
Misc\HUD\StaBar.dmi;6;6;9;64x32;128x160;
Misc\HUD\TargetReticle.dmi;1;1;1;32x32;32x32;
Misc\HUD\text.dmi;96;96;96;32x32;320x320;
Misc\HUD\TypingIcon.dmi;1;1;4;32x32;64x64;
Misc\HUD\TypingIconOld.dmi;1;1;4;32x32;64x64;
Misc\HUD\zone_sel.dmi;9;9;9;32x32;96x96;
Misc\Objects\Alchemy Bottle.dmi;1;1;3;32x32;64x64;
Misc\Objects\Crafting Plan.dmi;1;1;1;32x32;32x32;
Misc\Objects\PunchingBag.dmi;3;3;3;32x32;96x32;
NPCs\Zombies\Zombie Dog.dmi;1;4;32;32x32;192x192;
NPCs\Zombies\Zombie Hunter.dmi;3;12;28;32x32;192x160;
NPCs\Zombies\Zombie Licker.dmi;3;12;28;32x32;192x160;
NPCs\Zombies\Zombie Nemesis.dmi;2;8;24;32x32;160x160;
NPCs\Zombies\Zombie Thanatos.dmi;1;4;16;32x32;128x128;
NPCs\Zombies\Zombie Tyrant.dmi;2;8;24;32x32;160x160;
NPCs\Zombies\Zombie X.dmi;2;8;24;32x32;160x160;
NPCs\Zombies\Zombie.dmi;1;4;16;32x32;128x128;
Turfs\BigTurfs\BigDirtTurf2.dmi;17;17;17;32x32;160x128;
Turfs\BigTurfs\BigDirtTurfs.dmi;17;17;17;32x32;160x128;
Turfs\BigTurfs\BigGrass.dmi;17;17;17;32x32;160x128;
Turfs\BigTurfs\BigGrassandDirtTurf.dmi;37;37;37;32x32;224x192;
Turfs\BigTurfs\BigGrassTurf2.dmi;10;10;10;32x32;128x96;
Turfs\BigTurfs\BigIceTurf.dmi;17;17;17;32x32;160x128;
Turfs\BigTurfs\BigIceTurf2.dmi;37;37;37;32x32;224x192;
Turfs\BigTurfs\BigIceTurf3.dmi;37;37;37;32x32;224x192;
Turfs\BigTurfs\BigSandTurf.dmi;17;17;17;32x32;160x128;
Turfs\BigTurfs\BigSnowandRockTurf.dmi;37;37;37;32x32;224x192;
Turfs\BigTurfs\BigSnowTurf.dmi;37;37;37;32x32;224x192;
Turfs\BigTurfs\CartoonWater2017.dmi;17;17;544;32x32;768x736;
Turfs\BigTurfs\hdsky3.dmi;5;5;5;32x32;96x64;
Turfs\BigTurfs\HellGround2017.dmi;37;37;37;32x32;224x192;
Turfs\BigTurfs\Lava2017.dmi;16;16;160;32x32;416x416;
Turfs\BigTurfs\namekwater.dmi;16;16;256;32x32;512x512;
Turfs\BigTurfs\ToxicWater.dmi;36;36;1044;32x32;1056x1024;
Turfs\BigTurfs\vegetawater.dmi;16;16;256;32x32;512x512;
Turfs\BigTurfs\voidturf.dmi;1025;1025;1025;32x32;1056x1024;
Turfs\BigTurfs\WaterBlue2017.dmi;36;36;1044;32x32;1056x1024;
Turfs\BigTurfs\WaterBlue22017.dmi;16;16;256;32x32;512x512;
Turfs\BigTurfs\yelsky.dmi;257;257;257;32x32;544x512;
Turfs\Edges\Edges.dmi;5;5;5;32x32;96x64;
Turfs\Edges\Edges1.dmi;3;3;3;32x32;64x64;
Turfs\Edges\Edges2.dmi;3;3;3;32x32;64x64;
Turfs\Edges\Edges3.dmi;3;3;3;32x32;64x64;
Turfs\Edges\Edges4.dmi;3;3;3;32x32;64x64;
Turfs\Edges\Edges5.dmi;3;3;3;32x32;64x64;
Turfs\Edges\Edges6.dmi;3;3;3;32x32;64x64;
Turfs\Edges\Edges7.dmi;3;3;3;32x32;64x64;
Turfs\Objects\ArtificalObj.dmi;19;19;43;32x32;224x224;
Turfs\Objects\Door1.dmi;5;5;33;32x32;192x192;
Turfs\Objects\Door2.dmi;5;5;23;32x32;160x160;
Turfs\Objects\Door3.dmi;5;5;103;32x32;352x320;
Turfs\Objects\Door4.dmi;5;5;9;32x32;96x96;
Turfs\Objects\Door5.dmi;5;20;52;32x32;256x224;
Turfs\Objects\Door6.dmi;5;5;9;32x32;96x96;
Turfs\Objects\Doors.dmi;12;12;52;32x32;256x224;
Turfs\Objects\Edges.dmi;19;40;40;32x32;224x192;
Turfs\Objects\Gardening.dmi;58;58;74;32x32;288x288;
Turfs\Objects\LargeBed.dmi;1;1;1;76x58;76x58;
Turfs\Objects\Materials.dmi;13;13;13;32x32;128x128;
Turfs\Objects\Objects.dmi;49;49;58;32x32;256x256;
Turfs\Objects\Rocks.dmi;3;3;3;32x32;64x64;
Turfs\Objects\Surf.dmi;18;18;111;32x32;352x352;
Turfs\Objects\Technology32x64.dmi;2;2;2;32x64;64x64;
Turfs\Objects\Technology64x64.dmi;3;3;3;64x64;128x128;
Turfs\Objects\Train Large.dmi;4;4;4;251x153;502x306;
Turfs\Objects\Trees.dmi;65;65;65;32x32;288x256;
Turfs\Objects\TurfOverlays.dmi;5;5;5;32x32;96x64;
Turfs\Surf\Surf1.dmi;2;2;14;32x32;128x128;
Turfs\Surf\Surf2.dmi;2;2;8;32x32;96x96;
Turfs\Surf\Surf3.dmi;2;2;29;32x32;192x160;
Turfs\Surf\Surf4.dmi;2;2;8;32x32;96x96;
Turfs\Surf\Surf5.dmi;2;2;10;32x32;128x96;
Turfs\Surf\Surf6.dmi;2;2;14;32x32;128x128;
Weapons\Staffs\MageStaff.dmi;6;15;19;32x32;160x128;
Weapons\Staffs\MageStaff2.dmi;8;20;27;32x32;192x160;
Weapons\Staffs\MageStaff3.dmi;8;20;27;32x32;192x160;
Weapons\Staffs\MageStaff4.dmi;8;20;27;32x32;192x160;
Weapons\Staffs\MageStaff5.dmi;8;20;27;32x32;192x160;
Weapons\Staffs\MageStaff6.dmi;6;15;19;32x32;160x128;
Weapons\Staffs\MageStaff8.dmi;8;20;27;32x32;192x160;
Clothes\Armor\Mandalorian\Armour.dmi;8;20;41;32x32;224x192;
Clothes\Armor\Mandalorian\Boba Fett.dmi;8;20;41;32x32;224x192;
Clothes\Armor\Mandalorian\Dark Jango.dmi;8;20;41;32x32;224x192;
Clothes\Armor\Mandalorian\Jumpsuit.dmi;8;20;41;32x32;224x192;
Clothes\Armor\Mandalorian\Mandalorian helmet.dmi;8;20;41;32x32;224x192;
Clothes\Armor\Mandalorian\Uncoloured Armour Plating.dmi;8;20;41;32x32;224x192;
Clothes\Armor\Phoenix Armour\Phoenix Full (Makyo).dmi;10;28;59;32x32;256x256;
Clothes\Armor\Phoenix Armour\Phoenix Full (Moonlight).dmi;10;28;59;32x32;256x256;
Clothes\Armor\Phoenix Armour\Phoenix Full (Negative Makyo).dmi;10;28;59;32x32;256x256;
Clothes\Armor\Phoenix Armour\Phoenix Full (Negative).dmi;10;28;59;32x32;256x256;
Clothes\Armor\Phoenix Armour\Phoenix Full.dmi;10;28;59;32x32;256x256;
Clothes\Armor\Phoenix Armour\Phoenix Pauldrons Makyo.dmi;10;28;59;32x32;256x256;
Clothes\Armor\Phoenix Armour\Phoenix Pauldrons.dmi;10;28;59;32x32;256x256;
Clothes\Armor\Phoenix Armour\Phoenix Torso (Makyo).dmi;10;28;59;32x32;256x256;
Clothes\Armor\Phoenix Armour\Phoenix Torso.dmi;10;28;59;32x32;256x256;
Clothes\Armor\Phoenix Armour\unused1.dmi;9;27;57;32x32;256x256;
Clothes\Armor\Phoenix Armour\unused2.dmi;9;27;57;32x32;256x256;
Clothes\Armor\Phoenix Armour\unused3.dmi;10;28;143;32x32;384x384;
Clothes\Armor\Phoenix Armour\unused4.dmi;10;28;49;32x32;224x224;
Clothes\Armor\Phoenix Armour\unused5.dmi;10;28;49;32x32;224x224;
Clothes\Armor\Phoenix Armour\unused6.dmi;10;28;49;32x32;224x224;
Clothes\Armor\Shields\Hyrule Shield.dmi;9;27;97;32x32;320x320;
Clothes\Armor\Shields\Hyrule Warriors Shield.dmi;9;27;90;32x32;320x288;
Clothes\Armor\Shields\Hyrule_Shield_Clean_Meditate.dmi;9;27;90;32x32;320x288;
Clothes\Armor\Shields\Knight shield.dmi;5;14;32;32x32;192x192;
Clothes\Armor\Shields\Mirror_Shield.dmi;9;27;90;32x32;320x288;
Clothes\Armor\Shields\shield3.dmi;9;21;36;32x32;192x192;
Clothes\Armor\Shields\shield3Blue.dmi;9;21;36;32x32;192x192;
Clothes\Armor\Shields\shield3Geo.dmi;9;21;36;32x32;192x192;
Clothes\Armor\Shields\ShieldGrey.dmi;9;24;39;32x32;224x192;
Misc\Objects\Accessories\Quartz Charm.dmi;1;1;1;32x32;32x32;
Misc\Objects\Food\Food Bat.dmi;1;4;12;32x32;128x96;
Misc\Objects\Food\Food Beer.dmi;1;1;1;32x32;32x32;
Misc\Objects\Food\Food Burned.dmi;1;1;1;32x32;32x32;
Misc\Objects\Food\Food Cake.dmi;1;1;1;32x32;32x32;
Misc\Objects\Food\Food Candy.dmi;1;1;1;32x32;32x32;
Misc\Objects\Food\Food Canteen.dmi;1;1;1;32x32;32x32;
Misc\Objects\Food\Food Chicken.dmi;1;4;12;32x32;128x96;
Misc\Objects\Food\Food Chocolate.dmi;1;1;1;32x32;32x32;
Misc\Objects\Food\Food Cookie.dmi;1;1;1;32x32;32x32;
Misc\Objects\Food\Food Corn.dmi;1;1;1;32x32;32x32;
Misc\Objects\Food\Food Cow.dmi;1;4;16;32x32;128x128;
Misc\Objects\Food\Food Dino Eggs.dmi;1;1;1;32x32;32x32;
Misc\Objects\Food\Food Dino Tail.dmi;1;1;1;32x32;32x32;
Misc\Objects\Food\Food Dinobird.dmi;1;4;8;32x32;96x96;
Misc\Objects\Food\Food Egg.dmi;1;1;1;32x32;32x32;
Misc\Objects\Food\Food Fish.dmi;1;1;1;32x32;32x32;
Misc\Objects\Food\Food Grapes.dmi;1;1;1;32x32;32x32;
Misc\Objects\Food\Food Green Apple.dmi;1;1;1;32x32;32x32;
Misc\Objects\Food\Food Jungle Fruit.dmi;1;1;1;32x32;32x32;
Misc\Objects\Food\Food Ky'Lin Su.dmi;1;1;1;32x32;32x32;
Misc\Objects\Food\Food Leg.dmi;1;1;1;32x32;32x32;
Misc\Objects\Food\Food Lion.dmi;1;4;16;32x32;128x128;
Misc\Objects\Food\Food Majin.dmi;1;1;6;32x32;96x64;
Misc\Objects\Food\Food Meat Leg.dmi;1;1;1;32x32;32x32;
Misc\Objects\Food\Food Milk Jug.dmi;1;1;1;32x32;32x32;
Misc\Objects\Food\Food Milk.dmi;1;1;1;32x32;32x32;
Misc\Objects\Food\Food Namek Fruit.dmi;1;1;1;32x32;32x32;
Misc\Objects\Food\Food Onion.dmi;1;1;1;32x32;32x32;
Misc\Objects\Food\Food Pie.dmi;1;1;1;32x32;32x32;
Misc\Objects\Food\Food Potato.dmi;1;1;1;32x32;32x32;
Misc\Objects\Food\Food Red Apple.dmi;1;1;1;32x32;32x32;
Misc\Objects\Food\Food Reptile Tail.dmi;1;1;1;32x32;32x32;
Misc\Objects\Food\Food Rice.dmi;1;1;1;32x32;32x32;
Misc\Objects\Food\Food Sake.dmi;1;1;1;32x32;32x32;
Misc\Objects\Food\Food Soda.dmi;1;1;1;32x32;32x32;
Misc\Objects\Food\Food Steak.dmi;1;1;1;32x32;32x32;
Misc\Objects\Food\Food Tea.dmi;1;1;1;32x32;32x32;
Misc\Objects\Food\Food Tomato.dmi;1;1;1;32x32;32x32;
Misc\Objects\Food\Food Turnip.dmi;1;1;1;32x32;32x32;
Misc\Objects\Items\antidote.dmi;1;1;1;32x32;32x32;
Misc\Objects\Items\Antivirus.dmi;1;1;1;32x32;32x32;
Misc\Objects\Items\Bandage.dmi;1;1;1;32x32;32x32;
Misc\Objects\Items\Companion.dmi;2;2;2;32x32;64x32;
Misc\Objects\Items\FirstAid.dmi;1;1;1;32x32;32x32;
Misc\Objects\Items\Half Senzu.dmi;1;1;1;32x32;32x32;
Misc\Objects\Items\Holy Pendant.dmi;1;1;1;32x32;32x32;
Misc\Objects\Items\Item - Comb.dmi;1;1;1;32x32;32x32;
Misc\Objects\Items\Item - Katana 2.dmi;8;20;38;32x32;224x192;
Misc\Objects\Items\Item - Katana.dmi;12;24;39;32x32;224x192;
Misc\Objects\Items\Item - Sun Glassess.dmi;9;21;36;32x32;192x192;
Misc\Objects\Items\Item, Blaster.dmi;12;24;45;32x32;224x224;
Misc\Objects\Items\Item, Buster Sword.dmi;2;5;20;32x32;160x128;
Misc\Objects\Items\Item, Clawed Talisman.dmi;1;1;1;32x32;32x32;
Misc\Objects\Items\Item, DNA Extractor.dmi;1;1;1;32x32;32x32;
Misc\Objects\Items\Item, Dual Blaze Sword.dmi;5;14;93;32x32;320x320;
Misc\Objects\Items\Item, Dual Electric Sword.dmi;5;14;93;32x32;320x320;
Misc\Objects\Items\Item, Great Sword.dmi;8;20;38;32x32;224x192;
Misc\Objects\Items\Item, Hover Chair.dmi;10;22;22;32x32;160x160;
Misc\Objects\Items\Item, Needle.dmi;1;1;1;32x32;32x32;
Misc\Objects\Items\Item, Sword 1.dmi;6;18;47;32x32;224x224;
Misc\Objects\Items\Item, Vaccuum.dmi;1;1;1;32x32;32x32;
Misc\Objects\Items\Key.dmi;1;1;1;32x32;32x32;
Misc\Objects\Items\LSD.dmi;1;1;3;32x32;64x64;
Misc\Objects\Items\Might Fruit.dmi;1;1;1;32x32;32x32;
Misc\Objects\Items\Moon.dmi;3;3;10;32x32;128x96;
Misc\Objects\Items\Moon2.dmi;3;3;26;32x32;192x160;
Misc\Objects\Items\Namekfruit.dmi;1;1;1;32x32;32x32;
Misc\Objects\Items\Resources.dmi;1;1;1;32x32;32x32;
Misc\Objects\Items\Senzu Bean.dmi;1;1;1;32x32;32x32;
Misc\Objects\Items\Senzu.dmi;1;1;1;32x32;32x32;
Misc\Objects\Items\Shikon Jewel.dmi;1;1;1;32x32;32x32;
Misc\Objects\Items\Windmill Shuriken.dmi;1;1;2;32x32;64x32;
Misc\Objects\Items\Yemma Fruit.dmi;1;1;1;32x32;32x32;
Misc\Objects\Magic\books.dmi;46;46;53;32x32;256x224;
Misc\Objects\Magic\Glowing Electricity.dmi;7;10;69;32x32;288x256;
Misc\Objects\Magic\ingrbag.dmi;1;1;1;32x32;32x32;
Misc\Objects\Magic\magic_circles.dmi;64;64;133;32x32;384x384;
Misc\Objects\Magic\magic_items.dmi;80;93;235;32x32;512x480;
Misc\Objects\Magic\ObliterationBall.dmi;1;1;11;166x242;664x726;
Misc\Objects\Materials\Alchemy Material.dmi;1;1;1;32x32;32x32;
Misc\Objects\Swords\Falseneoblade.dmi;11;29;122;32x32;384x352;
Misc\Objects\Swords\Item - Katana.dmi;12;24;39;32x32;224x192;
Misc\Objects\Swords\Item, Buster Sword.dmi;2;5;20;32x32;160x128;
Misc\Objects\Swords\Item, Dual Blaze Sword.dmi;5;14;93;32x32;320x320;
Misc\Objects\Swords\Item, Dual Electric Sword.dmi;5;14;93;32x32;320x320;
Misc\Objects\Swords\Item, Great Sword.dmi;8;20;38;32x32;224x192;
Misc\Objects\Swords\Item, Sword 1.dmi;6;18;47;32x32;224x224;
Misc\Objects\Swords\KingdomKey.dmi;10;22;37;32x32;224x192;
Misc\Objects\Swords\KiSword.dmi;7;19;55;32x32;256x224;
Misc\Objects\Swords\Short Sword.dmi;2;8;20;32x32;160x128;
Misc\Objects\Swords\Sword 1.dmi;4;13;17;32x32;160x128;
Misc\Objects\Swords\Sword 2.dmi;4;13;13;32x32;128x128;
Misc\Objects\Swords\Sword Flame Complete.dmi;8;20;72;32x32;288x256;
Misc\Objects\Swords\Sword Flame.dmi;2;5;10;32x32;128x96;
Misc\Objects\Swords\Sword, 2 Katanas.dmi;10;22;37;32x32;224x192;
Misc\Objects\Swords\Sword, Samurai.dmi;9;21;36;32x32;192x192;
Misc\Objects\Swords\Sword_Regular.dmi;4;13;13;32x32;128x128;
Misc\Objects\Swords\Sword_Trunks.dmi;7;22;58;32x32;256x256;
Misc\Objects\Swords\Yin Yang.dmi;9;21;42;32x32;224x192;
Misc\Objects\Technology\64x64tech.dmi;11;11;11;32x64;128x192;
Misc\Objects\Technology\Antivirus.dmi;2;2;2;32x32;64x32;
Misc\Objects\Technology\Battle Pod.dmi;1;8;8;64x64;192x192;
Misc\Objects\Technology\bigcomputer.dmi;1;1;2;64x64;128x64;
Misc\Objects\Technology\Bigteleporter2013.dmi;1;1;1;70x96;70x96;
Misc\Objects\Technology\BioField.dmi;1;1;1;32x64;32x64;
Misc\Objects\Technology\Books.dmi;1;1;1;32x32;32x32;
Misc\Objects\Technology\Car.dmi;66;315;364;32x32;640x608;
Misc\Objects\Technology\Cell Phone.dmi;3;3;21;32x32;160x160;
Misc\Objects\Technology\Cloak.dmi;2;2;3;32x32;64x64;
Misc\Objects\Technology\Computer.dmi;2;2;2;76x32;76x64;
Misc\Objects\Technology\Control Chip.dmi;1;1;2;32x32;64x32;
Misc\Objects\Technology\ControlChip.dmi;1;1;2;32x32;64x32;
Misc\Objects\Technology\Controller.dmi;1;1;4;32x32;64x64;
Misc\Objects\Technology\Door Pass.dmi;1;1;1;32x32;32x32;
Misc\Objects\Technology\DoorPass.dmi;1;1;1;32x32;32x32;
Misc\Objects\Technology\Drill Dirt.dmi;1;1;11;32x32;128x96;
Misc\Objects\Technology\Drill Droid.dmi;2;5;11;32x32;128x96;
Misc\Objects\Technology\Drill Giant.dmi;1;1;3;76x64;152x128;
Misc\Objects\Technology\Drill Hand 2.dmi;2;2;4;32x32;64x64;
Misc\Objects\Technology\Drill Hand 3.dmi;6;9;15;32x32;128x128;
Misc\Objects\Technology\Drill Hand.dmi;2;2;4;32x32;64x64;
Misc\Objects\Technology\Drill Rig.dmi;2;2;4;32x32;64x64;
Misc\Objects\Technology\DroidPod.dmi;1;1;1;32x72;32x72;
Misc\Objects\Technology\dungeon_finder.dmi;1;1;4;32x32;64x64;
Misc\Objects\Technology\FactionBadge.dmi;2;2;5;32x32;96x64;
Misc\Objects\Technology\FishingPole.dmi;1;1;1;32x32;32x32;
Misc\Objects\Technology\Force Field.dmi;1;1;9;32x32;96x96;
Misc\Objects\Technology\ForceField.dmi;1;1;9;32x32;288x32;
Misc\Objects\Technology\Frieza Ship.dmi;45;45;45;32x32;224x224;
Misc\Objects\Technology\GochekPods.dmi;3;3;9;32x32;96x96;
Misc\Objects\Technology\Grenade.dmi;1;1;4;32x32;64x64;
Misc\Objects\Technology\Gun Accessories.dmi;6;9;13;32x32;128x128;
Misc\Objects\Technology\GUNS.dmi;37;37;37;32x32;224x192;
Misc\Objects\Technology\Heal Tank Huge.dmi;4;4;4;32x32;64x64;
Misc\Objects\Technology\Heal Tank.dmi;7;7;20;32x32;160x128;
Misc\Objects\Technology\InfinityStoneHolder.dmi;9;24;69;32x32;288x256;
Misc\Objects\Technology\ItemDNAExtractor.dmi;1;1;1;32x32;32x32;
Misc\Objects\Technology\ItemHoverChair.dmi;10;22;22;32x32;704x32;
Misc\Objects\Technology\ItemNeedle.dmi;1;1;1;32x32;32x32;
Misc\Objects\Technology\ItemVaccuum.dmi;1;1;1;32x32;32x32;
Misc\Objects\Technology\Ki_Blaster.dmi;1;1;1;32x32;32x32;
Misc\Objects\Technology\Lab.dmi;132;163;348;32x32;608x608;
Misc\Objects\Technology\Lab2.dmi;65;65;85;32x32;320x288;
Misc\Objects\Technology\Locater.dmi;1;1;1;32x32;32x32;
Misc\Objects\Technology\Modules.dmi;3;3;14;32x32;128x128;
Misc\Objects\Technology\nullifier.dmi;2;2;2;32x32;64x32;
Misc\Objects\Technology\PDA.dmi;1;1;5;32x32;96x64;
Misc\Objects\Technology\Pod.dmi;18;18;18;32x32;160x128;
Misc\Objects\Technology\PodArconia.dmi;1;4;4;32x32;64x64;
Misc\Objects\Technology\PodChangeling.dmi;1;4;4;32x32;64x64;
Misc\Objects\Technology\PodDesert.dmi;1;4;4;32x32;64x64;
Misc\Objects\Technology\PodEarth.dmi;1;4;4;32x32;64x64;
Misc\Objects\Technology\PodNamek.dmi;1;4;4;32x32;64x64;
Misc\Objects\Technology\PodNewVegeta.dmi;1;4;4;32x32;64x64;
Misc\Objects\Technology\PodVegeta.dmi;1;4;4;32x32;64x64;
Misc\Objects\Technology\Poison Injection.dmi;1;1;1;32x32;32x32;
Misc\Objects\Technology\punchmachine.dmi;4;4;25;32x32;160x160;
Misc\Objects\Technology\Puran Ship.dmi;1;1;1;90x82;90x82;
Misc\Objects\Technology\refridgerator.dmi;1;1;1;32x64;32x64;
Misc\Objects\Technology\regenerator.dmi;4;4;4;58x131;232x131;
Misc\Objects\Technology\ResearchBench.dmi;1;1;5;96x64;192x192;
Misc\Objects\Technology\rocketpunch.dmi;2;5;9;32x32;96x96;
Misc\Objects\Technology\rocketship.dmi;4;4;13;32x64;160x192;
Misc\Objects\Technology\Scan Machine.dmi;2;2;13;32x32;128x128;
Misc\Objects\Technology\Scouter.dmi;6;15;54;32x32;256x224;
Misc\Objects\Technology\ScrambleProtector.dmi;1;1;1;32x32;32x32;
Misc\Objects\Technology\Ship.dmi;1;1;1;128x138;128x138;
Misc\Objects\Technology\Smoke Bomb.dmi;1;1;1;32x32;32x32;
Misc\Objects\Technology\Spacepod.dmi;2;2;5;32x32;96x64;
Misc\Objects\Technology\Stun Controls.dmi;1;1;6;32x32;96x64;
Misc\Objects\Technology\StunControls.dmi;1;1;6;32x32;192x32;
Misc\Objects\Technology\tech.dmi;33;33;63;32x32;256x256;
Misc\Objects\Technology\toxicwastebarrel.dmi;1;1;1;32x43;32x43;
Misc\Objects\Technology\Transporter Pad.dmi;1;1;1;32x32;32x32;
Misc\Objects\Technology\Transporter Watch.dmi;1;1;1;32x32;32x32;
Misc\Objects\Technology\Turret.dmi;5;19;27;32x32;192x160;
Misc\Objects\Technology\upgrader.dmi;1;1;3;32x64;96x64;
Misc\Objects\Technology\Vaccine.dmi;1;1;1;32x32;32x32;
Misc\Objects\Technology\Vial.dmi;1;1;1;32x32;32x32;
Misc\Objects\Technology\Weapons.dmi;9;9;9;32x32;96x96;
Misc\Objects\Traps\Traps.dmi;6;6;6;32x32;96x64;
Misc\Objects\Materials\Lumber\Ash Wood.dmi;1;1;1;22x23;22x23;
Misc\Objects\Materials\Lumber\Dark Wood.dmi;1;1;1;22x23;22x23;
Misc\Objects\Materials\Lumber\Gold Wood.dmi;1;1;1;22x22;22x22;
Misc\Objects\Materials\Lumber\Plain lumber.dmi;1;1;1;22x22;22x22;
Misc\Objects\Materials\Lumber\Refined Lumber.dmi;1;1;1;21x21;21x21;
Misc\Objects\Materials\Monster Parts\Hide.dmi;1;1;1;23x23;23x23;
Misc\Objects\Materials\Monster Parts\Horn.dmi;1;1;1;21x23;21x23;
Misc\Objects\Materials\Monster Parts\Spikes.dmi;1;1;1;23x22;23x22;
Misc\Objects\Materials\Monster Parts\Tan Hide.dmi;1;1;1;23x23;23x23;
Misc\Objects\Materials\Ores\Black Rock.dmi;1;1;1;23x23;23x23;
Misc\Objects\Materials\Ores\Charged Crystal.dmi;1;1;4;32x32;64x64;
Misc\Objects\Materials\Ores\Claydolly.dmi;1;1;1;32x32;32x32;
Misc\Objects\Materials\Ores\Corrupted Crystal.dmi;1;1;4;32x32;64x64;
Misc\Objects\Materials\Ores\Crystal.dmi;1;1;4;32x32;64x64;
Misc\Objects\Materials\Ores\Diamon Rock.dmi;1;1;1;22x23;22x23;
Misc\Objects\Materials\Ores\Diamond Ore.dmi;1;1;1;32x32;32x32;
Misc\Objects\Materials\Ores\Gold rock.dmi;1;1;1;32x32;32x32;
Misc\Objects\Materials\Ores\Green Rock 2.dmi;1;1;1;23x23;23x23;
Misc\Objects\Materials\Ores\Green Rock.dmi;1;1;1;32x32;32x32;
Misc\Objects\Materials\Ores\Love Stone.dmi;1;1;6;32x32;96x64;
Misc\Objects\Materials\Ores\mining.dmi;64;112;140;32x32;384x384;
Misc\Objects\Materials\Ores\Myarcostone.dmi;1;1;6;32x32;96x64;
Misc\Objects\Materials\Ores\Necrostone.dmi;1;1;6;32x32;96x64;
Misc\Objects\Materials\Ores\Ore.dmi;1;1;1;32x32;32x32;
Misc\Objects\Materials\Ores\Pink Rock.dmi;1;1;1;32x32;32x32;
Misc\Objects\Materials\Ores\Plain Rock.dmi;1;1;1;21x21;21x21;
Misc\Objects\Materials\Ores\Purple Rock.dmi;1;1;1;24x24;24x24;
Misc\Objects\Materials\Ores\Quartz.dmi;1;1;1;32x32;32x32;
Misc\Objects\Materials\Ores\Red Rock 2.dmi;1;1;1;24x24;24x24;
Misc\Objects\Materials\Ores\Red Rock.dmi;1;1;1;32x32;32x32;
Misc\Objects\Materials\Ores\Redstone.dmi;1;1;1;32x32;32x32;
Misc\Objects\Materials\Ores\Rock or something.dmi;1;1;1;32x32;32x32;
Misc\Objects\Materials\Ores\Rock.dmi;1;1;1;23x23;23x23;
Misc\Objects\Materials\Ores\Shiny Rock.dmi;1;1;1;32x32;32x32;
Misc\Objects\Materials\Ores\Silver Rock.dmi;1;1;1;23x23;23x23;
Misc\Objects\Materials\Ores\Slab.dmi;1;1;1;32x32;32x32;
Misc\Objects\Materials\Ores\Soul Stone.dmi;1;1;1;32x32;32x32;
Misc\Objects\Materials\Ores\White rock.dmi;1;1;1;32x32;32x32;
Misc\Objects\Materials\Ores\Yellow Piss Rock.dmi;1;1;1;32x32;32x32;
Misc\Objects\Materials\Ores\Yellow Rock.dmi;1;1;1;23x23;23x23;
Misc\Objects\Materials\Plants\Fiber Grass.dmi;1;1;1;32x32;32x32;
Misc\Objects\Materials\Plants\Plant Fiber.dmi;1;1;1;32x32;32x32;
